wilaya_id,wilaya_name,communes,,,,,,,,,,,,,,,,,,,,,,,,,,,,,,,,,,,,,,,,,,,,,,,,,,,,,,,,,,,,,,,,,,
1,Adrar,Adrar 1400/1200,Tamest 1600/1200,Charouine 1400/1200,Reggane 1700/1200,In Zghmir 1700/1200,Tit 1700/1200,Ksar Kaddour 1400/1200,Tsabit 1600/1200,Timimoun 1400/1200,Ouled Saïd 1400/1200,Zaouiet Kounta 1600/1200,Aoulef 1700/1200,Tamekten 1700/1200,Tamantit 1400/1200,Fenoughil 1600/1200,Tinerkouk 1600/1200,Deldoul 1700/1200,Sali 1700/1200,Akabli 1700/1200,Metarfa 1700/1200,Ouled Ahmed Tammi 1400/1200,Bouda 1400/1200,Aougrout 1600/1200,Talmine 1600/1200,Bordj Badji Mokhtar 1700/1200,Sebaa 1400/1200,Ouled Aïssa 1600/1200,Timiaouine 1700/1200,,,,,,,,,,,,,,,,,,,,,,,,,,,,,,,,,,,,,,,
2,Chlef,Abou El Hassan 900/650,Aïn Merane 1000/650,Bénairia 900/650,Beni Bouateb 1000/650,Beni Haoua 1000/650,Beni Rached 900/650,Boukadir 900/650,Bouzeghaia 900/650,Breira 1000/650,Chettia 800/650,Chlef 800/650,Dahra 1100/650,El Hadjadj 900/650,El Karimia 900/650,El Marsa 900/650,Harchoun 900/650,Harenfa 1000/650,Labiod Medjadja 800/650,Moussadek 1000/650,Oued Fodda 900/650,Oued Goussine 1000/650,Oued Sly 800/650,Ouled Abbes 900/650,Ouled Ben Abdelkader 900/650,Ouled Fares 800/650,Oum Drou 800/650,Sendjas 800/650,Sidi Abderrahmane 1000/650,Sidi Akkacha 1000/650,Sobha 900/650,Tadjena 1000/650,Talassa 1000/650,Taougrite 1000/650,Ténès 1000/650,Zeboudja 900/650,,,,,,,,,,,,,,,,,,,,,,,,,,,,,,,,
3,Laghouat,Laghouat 950/900,Ksar El Hirane 1050/900,Bennasser Benchohra 1050/900,Sidi Makhlouf 1150/900,Hassi Delaa 1250/900,Hassi R'Mel 1250/900,Aïn Madhi 1150/900,Tadjemout 1150/900,Kheneg 950/900,Gueltat Sidi Saad 1250/900,Aïn Sidi Ali 1150/900,Beidha 1250/900,Brida 1250/900,El Ghicha 1250/900,Hadj Mechri 1250/900,Sebgag 1250/900,Taouiala 1250/900,Tadjrouna 1250/900,Aflou 1250/900,El Assafia 1250/900,Oued Morra 1250/900,Oued M'Zi 1250/900,El Houaita 1150/900,Sidi Bouzid 1250/900,,,,,,,,,,,,,,,,,,,,,,,,,,,,,,,,,,,,,,,,,,,
4,Oum El Bouaghi,Oum el Bouaghi 800/650,Aïn Beïda 900/650,Aïn M'lila 1000/650,Behir Chergui 1000/650,El Amiria 900/650,Sigus 900/650,El Belala 1100/650,Aïn Babouche 800/650,Berriche 900/650,Ouled Hamla 800/650,Dhalaa 1000/650,Aïn Kercha 900/650,Hanchir Toumghani 900/650,El Djazia 1000/650,Aïn Diss 900/650,Fkirina 900/650,Souk Naamane 900/650,Zorg 1000/650,El Fedjoudj Boughrara Saoudi 1000/650,Ouled Zouaï 900/650,Bir Chouhada 900/650,Ksar Sbahi 900/650,Oued Nini 1000/650,Meskiana 1000/650,Aïn Fakroun 900/650,Rahia 1000/650,Aïn Zitoun 900/650,Ouled Gacem 800/650,El Harmilia 800/650,,,,,,,,,,,,,,,,,,,,,,,,,,,,,,,,,,,,,,
5,Batna,Batna 800/650,Ghassira 900/650,Maafa 1000/650,Merouana 1000/650,Seriana 900/650,Menaa 900/650,El Madher 900/650,Tazoult 800/650,N'Gaous 900/650,Guigba 900/650,Inoughissen 1000/650,Ouyoun El Assafir 800/650,Djerma 900/650,Bitam 1100/650,Abdelkader Azil 1100/650,Arris 1000/650,Kimmel 900/650,Tilatou 1000/650,Aïn Djasser 1000/650,Ouled Sellam 1000/650,Tigherghar 900/650,Aïn Yagout 900/650,Fesdis 800/650,Sefiane 900/650,Rahbat 900/650,Tighanimine 1000/650,Lemsane 1000/650,Ksar Bellezma 1000/650,Seggana 1000/650,Ichmoul 900/650,Foum Toub 900/650,Ben Foudhala El Hakania 1000/650,Oued El Ma 900/650,Talkhamt 1000/650,Bouzina 1000/650,Chemora 1000/650,Oued Chaaba 900/650,Taxlent 1000/650,Gosbat 900/650,Ouled Aouf 1000/650,Boumagueur 900/650,Barika 900/650,Djezar 1100/650,T'Kout 900/650,Aïn Touta 900/650,Hidoussa 900/650,Teniet El Abed 1000/650,Oued Taga 900/650,Ouled Fadel 900/650,Timgad 900/650,Ras El Aioun 1000/650,Chir 1000/650,Ouled Si Slimane 900/650,Zanat El Beida 900/650,M'doukel 1100/650,Ouled Ammar 1100/650,El Hassi 1000/650,Lazrou 900/650,Boumia (Batna) 900/650,Boulhilat 1000/650,Larbaâ 1000/650,,,,,,
6,Béjaïa,Béjaïa 800/650,Amizour 900/650,Ferraoun 1000/650,Taourirt Ighil 1000/650,Chellata 800/650,Tamokra 900/650,Timezrit 900/650,Souk El Ténine 900/650,M'cisna 900/650,Tinabdher 900/650,Tichy 900/650,Semaoun 1000/650,Kendira 900/650,Tifra 900/650,Ighram 800/650,Amalou 800/650,Ighil Ali 900/650,Fenaïa Ilmaten 900/650,Toudja 900/650,Darguina 1000/650,Sidi Ayad 900/650,Aokas 800/650,Ait Djellil 1000/650,Adekar 1000/650,Akbou 800/650,Seddouk 900/650,Tazmalt 900/650,Aït R'zine 900/650,Chemini 900/650,Souk Oufella 900/650,Tibane 900/650,Tala Hamza 800/650,Barbacha 900/650,Aït Ksila 1000/650,Ouzellaguen 800/650,Bouhamza 900/650,Taskriout 1000/650,Aït Mellikeche 900/650,Sidi Aïch 900/650,El Kseur 900/650,Melbou 900/650,Akfadou 1000/650,Leflaye 900/650,Kherrata 1000/650,Draâ El Kaïd 1000/650,Tamridjet 1000/650,Aït Smail 1000/650,Boukhelifa 900/650,Tizi N'Berber 900/650,Aït Maouche 900/650,Oued Ghir 800/650,Boudjellil 900/650,,,,,,,,,,,,,,,
7,Biskra,Aïn Naga 1150/900,Aïn Zaatout 1150/900,Besbes 1150/900,Biskra 950/900,Bordj Ben Azzouz 1050/900,Bouchagroune 1050/900,Branis 1050/900,Chetma 950/900,Djemorah 1050/900,Doucen 1050/900,Ech Chaïba 1150/900,El Feidh 1250/900,El Ghrous 1150/900,El Hadjeb 950/900,El Haouch 1150/900,El Kantara 1150/900,El Mizaraa 1150/900,El Outaya 1050/900,Foughala 1150/900,Khenguet Sidi Nadji 1250/900,Lichana 1050/900,Lioua 1150/900,M'Chouneche 1050/900,Mekhadma 1150/900,M'Lili 1050/900,Ouled Djellal 950/900,Oumache 1050/900,Ourlal 1050/900,Ras El Miaad 1250/900,Sidi Khaled 1050/900,Sidi Okba 1050/900,Tolga 1250/900,Zeribet El Oued 1150/900,,,,,,,,,,,,,,,,,,,,,,,,,,,,,,,,,,
8,Béchar,Béchar 1400/1200,Erg Ferradj 1700/1200,Ouled Khoudir 1700/1200,Meridja 1600/1200,Timoudi 1700/1200,Lahmar 1500/1200,Béni Abbès 1700/1200,Beni Ikhlef 1700/1200,Mechraa Houari Boumedienne 1700/1200,Kenadsa 1500/1200,Igli 1600/1200,Tabelbala 1700/1200,Taghit 1700/1200,El Ouata 1500/1200,Boukais 1600/1200,Mougheul 1600/1200,Abadla 1700/1200,Kerzaz 1700/1200,Ksabi 1700/1200,Tamtert 1500/1200,Beni Ounif 1700/1200,,,,,,,,,,,,,,,,,,,,,,,,,,,,,,,,,,,,,,,,,,,,,,
9,Blida,Blida 600/500,Chebli 700/500,Bouinan 700/500,Oued Alleug 600/500,Ouled Yaïch 600/500,Chréa 700/500,El Affroun 700/500,Chiffa 600/500,Hammam Melouane 800/500,Benkhelil 700/500,Soumaa 600/500,Mouzaia 600/500,Souhane 800/500,Meftah 700/500,Ouled Slama 700/500,Boufarik 600/500,Larbaa 800/500,Oued Djer 700/500,Beni Tamou 600/500,Bouarfa 600/500,Beni Mered 600/500,Bougara 800/500,Guerouaou 600/500,Aïn Romana 700/500,Djebabra 800/500,,,,,,,,,,,,,,,,,,,,,,,,,,,,,,,,,,,,,,,,,,
10,Bouira,Aïn Bessem 900/650,Hanif 900/650,Aghbalou 1000/650,Aïn El Hadjar 800/650,Ahl El Ksar 900/650,Aïn Laloui 900/650,Ath Mansour 900/650,Aomar 900/650,Aïn El Turc 900/650,Aït Laziz 900/650,Bouderbala 1000/650,Bechloul 900/650,Bir Ghbalou 900/650,Boukram 1000/650,Bordj Okhriss 1000/650,Bouira 800/650,Chorfa 1000/650,Dechmia 900/650,Dirrah 1000/650,Djebahia 900/650,El Hakimia 1000/650,El Hachimia 900/650,El Adjiba 900/650,El Khabouzia 900/650,El Mokrani 1000/650,El Asnam 800/650,Guerrouma 1000/650,Haizer 800/650,Hadjera Zerga 1000/650,Kadiria 900/650,Lakhdaria 1000/650,M'Chedallah 1000/650,Mezdour 1000/650,Maala 900/650,Maamora 1000/650,Oued El Berdi 800/650,Ouled Rached 900/650,Raouraoua 900/650,Ridane 1000/650,Saharidj 1000/650,Sour El Ghouzlane 900/650,Souk El Khemis 900/650,Taguedit 1000/650,Taghzout 800/650,Zbarbar 1000/650,,,,,,,,,,,,,,,,,,,,,,
11,Tamanrasset,Tamanrasset 1600/1300,Abalessa 1800/1300,In Ghar 1800/1300,In Guezzam 1900/1300,Idles 1900/1300,Tazrouk 1900/1300,Tin Zaouatine 1900/1300,In Salah 1600/1300,In Amguel 1900/1300,Foggaret Ezzaouia 1900/1300,,,,,,,,,,,,,,,,,,,,,,,,,,,,,,,,,,,,,,,,,,,,,,,,,,,,,,,,,
12,Tébessa,Tébessa 950/900,Bir el Ater 950/900,Cheria 1050/900,Stah Guentis 1250/900,El Aouinet 1150/900,El Houidjbet 1050/900,Safsaf El Ouesra 1050/900,Hammamet 1050/900,Negrine 1150/900,Bir Mokkadem 1050/900,El Kouif 1050/900,Morsott 1050/900,El Ogla 1250/900,Bir Dheb 1050/900,Ogla Melha 1150/900,Guorriguer 1150/900,Bekkaria 950/900,Boukhadra 1150/900,Ouenza 1250/900,El Ma Labiodh 1050/900,Oum Ali 1150/900,Tlidjene 1150/900,Aïn Zerga 1050/900,El Meridj 1150/900,Boulhaf Dir 950/900,Bedjene 1250/900,El Mezeraa 1250/900,Ferkane 1250/900,,,,,,,,,,,,,,,,,,,,,,,,,,,,,,,,,,,,,,,
13,Tlemcen,Tlemcen 800/650,Beni Mester 800/650,Aïn Tallout 1000/650,Remchi 800/650,El Fehoul 900/650,Sabra 900/650,Ghazaouet 1000/650,Souani 900/650,Djebala 900/650,El Gor 1000/650,Oued Lakhdar 900/650,Aïn Fezza 800/650,Ouled Mimoun 900/650,Amieur 900/650,Aïn Youcef 800/650,Zenata 800/650,Beni Snous 900/650,Bab El Assa 900/650,Dar Yaghmouracene 1000/650,Fellaoucene 900/650,Azails 900/650,Sebaa Chioukh 900/650,Terny Beni Hdiel 800/650,Bensekrane 900/650,Aïn Nehala 1000/650,Hennaya 800/650,Maghnia 800/650,Hammam Boughrara 800/650,Souahlia 900/650,MSirda Fouaga 1000/650,Aïn Fetah 900/650,El Aricha 1000/650,Souk Tlata 1000/650,Sidi Abdelli 900/650,Sebdou 900/650,Beni Ouarsous 900/650,Sidi Medjahed 800/650,Beni Boussaid 900/650,Marsa Ben M'Hidi 1000/650,Nedroma 900/650,Sidi Djillali 1000/650,Beni Bahdel 900/650,El Bouihi 1000/650,Honaïne 1000/650,Tienet 900/650,Ouled Riyah 900/650,Bouhlou 900/650,Beni Khellad 1000/650,Aïn Ghoraba 900/650,Chetouane 800/650,Mansourah 800/650,Beni Semiel 1000/650,Aïn Kebira 900/650,,,,,,,,,,,,,,
14,Tiaret,Aïn Bouchekif 900/650,Aïn Deheb 1000/650,Aïn El Hadid 1000/650,Aïn Kermes 1000/650,Aïn Dzarit 900/650,Bougara 1000/650,Chehaima 1000/650,Dahmouni 800/650,Djebilet Rosfa 1100/650,Djillali Ben Amar 1000/650,Faidja 1000/650,Frenda 1000/650,Guertoufa 800/650,Hamadia 1000/650,Ksar Chellala 1100/650,Madna 1100/650,Mahdia 1000/650,Mechraa Safa 900/650,Medrissa 1000/650,Medroussa 900/650,Meghila 1000/650,Mellakou 900/650,Nadorah 1000/650,Naima 1000/650,Oued Lilli 900/650,Rahouia 900/650,Rechaiga 1000/650,Sebaine 900/650,Sebt 1000/650,Serghine 1100/650,Si Abdelghani 900/650,Sidi Abderahmane 1100/650,Sidi Ali Mellal 900/650,Sidi Bakhti 1000/650,Sidi Hosni 900/650,Sougueur 900/650,Tagdemt 800/650,Takhemaret 1100/650,Tiaret 800/650,Tidda 900/650,Tousnina 900/650,Zmalet El Emir Abdelkader 1100/650,,,,,,,,,,,,,,,,,,,,,,,,,
15,Tizi Ouzou,Tizi Ouzou 800/650,Ain El Hammam 1000/650,Akbil 1000/650,Freha 800/650,Souamaâ 900/650,Mechtras 1000/650,Irdjen 900/650,Timizart 900/650,Makouda 900/650,Draâ El Mizan 900/650,Tizi Gheniff 1000/650,Bounouh 1000/650,Aït Chafâa 900/650,Frikat 1000/650,Beni Aïssi 800/650,Beni Zmenzer 800/650,Iferhounène 900/650,Azazga 800/650,Illoula Oumalou 900/650,Yakouren 800/650,Larbaâ Nath Irathen 900/650,Tizi Rached 900/650,Zekri 1000/650,Ouaguenoun 900/650,Aïn Zaouia 1000/650,M'Kira 1000/650,Aït Yahia 900/650,Aït Mahmoud 900/650,Mâatkas 900/650,Aït Boumahdi 900/650,Abi Youcef 900/650,Beni Douala 900/650,Illilten 900/650,Bouzguen 900/650,Aït Aggouacha 900/650,Ouadhia 900/650,Azeffoun 900/650,Tigzirt 900/650,Aït Aïssa Mimoun 800/650,Boghni 900/650,Ifigha 800/650,Aït Oumalou 900/650,Tirmitine 800/650,Akerrou 900/650,Yatafen 900/650,Ath Zikki 900/650,Draâ Ben Khedda 800/650,Ouacif 900/650,Idjeur 900/650,Mekla 900/650,Tizi N'Tleta 800/650,Aït Yenni 900/650,Aghribs 800/650,Iflissen 900/650,Boudjima 900/650,Aït Yahia Moussa 900/650,Souk El Thenine 900/650,Aït Khellili 900/650,Sidi Namane 1000/650,Iboudraren 1000/650,Agouni Gueghrane 1000/650,Mizrana 900/650,Imsouhel 900/650,Tadmaït 900/650,Aït Bouadou 1000/650,Assi Youcef 1000/650,Aït Toudert 1000/650
16,Alger,Alger Centre 500/450,Sidi M'Hamed 500/450,El Madania 500/450,Belouizdad 500/450,Bab El Oued 500/450,Bologhine 500/450,Casbah 500/450,Oued Koriche 500/450,Bir Mourad Raïs 500/450,El Biar 500/450,Bouzareah 500/450,Birkhadem 500/450,El Harrach 500/450,Baraki 500/450,Oued Smar 500/450,Bachdjerrah 500/450,Hussein Dey 500/450,Kouba 500/450,Bourouba 500/450,Dar El Beïda 500/450,Bab Ezzouar 500/450,Ben Aknoun 500/450,Dely Ibrahim 500/450,El Hammamet 500/450,Raïs Hamidou 500/450,Djasr Kasentina 500/450,El Mouradia 500/450,Hydra 500/450,Mohammadia 500/450,Bordj El Kiffan 500/450,El Magharia 500/450,Beni Messous 500/450,Les Eucalyptus 500/450,Birtouta 500/450,Tessala El Merdja 500/450,Ouled Chebel 500/450,Sidi Moussa 500/450,Aïn Taya 500/450,Bordj El Bahri 500/450,El Marsa 500/450,H'raoua 500/450,Rouïba 500/450,Reghaïa 500/450,Aïn Benian 500/450,Staoueli 500/450,Zeralda 500/450,Mahelma 500/450,Rahmania 500/450,Souidania 500/450,Cheraga 500/450,Ouled Fayet 500/450,El Achour 500/450,Draria 500/450,Douera 500/450,Baba Hassen 500/450,Khraicia 500/450,Saoula 500/450,,,,,,,,,,
17,Djelfa,Aïn Chouhada 1250/900,Aïn El Ibel 1050/900,Aïn Feka 1150/900,Aïn Maabed 1050/900,Aïn Oussara 950/900,Amourah 1250/900,Benhar 950/900,Beni Yagoub 1150/900,Birine 1050/900,Bouira Lahdab 1150/900,Charef 1150/900,Dar Chioukh 1150/900,Deldoul 1250/900,Djelfa 950/900,Douis 1250/900,El Guedid 1250/900,El Idrissia 1250/900,El Khemis 1050/900,Faidh El Botma 1150/900,Guernini 1050/900,Guettara 1250/900,Had Sahary 1150/900,Hassi Bahbah 1150/900,Hassi El Euch 1150/900,Hassi Fedoul 1150/900,Messaad 1150/900,M'Liliha 1050/900,Moudjebara 1050/900,Oum Laadham 1250/900,Sed Rahal 1250/900,Selmana 1250/900,Sidi Baizid 1150/900,Sidi Ladjel 1050/900,Tadmit 1150/900,Zaafrane 1150/900,Zaccar 1050/900,,,,,,,,,,,,,,,,,,,,,,,,,,,,,,,
18,Jijel,Jijel 800/650,Eraguene 1000/650,El Aouana 900/650,Ziama Mansouriah 1000/650,Taher 900/650,Emir Abdelkader 800/650,Chekfa 900/650,Chahna 900/650,El Milia 1000/650,Sidi Maarouf 1000/650,Settara 1000/650,El Ancer 1000/650,Sidi Abdelaziz 900/650,Kaous 800/650,Ghebala 1100/650,Bouraoui Belhadef 1000/650,Djimla 1100/650,Selma Benziada 1000/650,Boucif Ouled Askeur 1000/650,El Kennar Nouchfi 900/650,Ouled Yahia Khedrouche 1000/650,Boudriaa Ben Yadjis 900/650,Kheïri Oued Adjoul 1000/650,Texenna 900/650,Djemaa Beni Habibi 1000/650,Bordj Tahar 900/650,Ouled Rabah 1100/650,Ouadjana 900/650,,,,,,,,,,,,,,,,,,,,,,,,,,,,,,,,,,,,,,,
19,Sétif,Aïn Abessa 900/650,Aïn Arnat 800/650,Aïn Azel 1000/650,Aïn El Kebira 900/650,Aïn Lahdjar 900/650,Aïn Legradj 1000/650,Aïn Oulmene 900/650,Aïn Roua 900/650,Aïn Sebt 1000/650,Aït Naoual Mezada 1000/650,Aït Tizi 1000/650,Aït Wertilan 1100/650,Amoucha 900/650,Babor 900/650,Bazer Sakhra 800/650,Beidha Bordj 900/650,Belaa 900/650,Beni Aziz 1000/650,Beni Chebana 1100/650,Beni Fouda 900/650,Beni Hocine 900/650,Beni Mouhli 1100/650,Bir El Arch 800/650,Bir Haddada 900/650,Bouandas 1000/650,Bougaa 1000/650,Bousselam 1000/650,Boutaleb 1000/650,Dehamcha 900/650,Djemila 900/650,Draa Kebila 1000/650,El Eulma 800/650,El Ouldja 900/650,El Ouricia 800/650,Guellal 900/650,Guelta Zerka 800/650,Guenzet 1000/650,Guidjel 900/650,Hamma 1000/650,Hammam Guergour 1000/650,Hammam Soukhna 900/650,Harbil 1000/650,Ksar El Abtal 900/650,Maaouia 900/650,Maoklane 1000/650,Mezloug 800/650,Oued El Barad 1000/650,Ouled Addouane 900/650,Ouled Sabor 800/650,Ouled Si Ahmed 1000/650,Ouled Tebben 1000/650,Rasfa 1000/650,Salah Bey 1000/650,Serdj El Ghoul 1000/650,Sétif 800/650,Tachouda 800/650,Talaifacene 900/650,Taya 900/650,Tella 900/650,Tizi N'Bechar 900/650,,,,,,,
20,Saïda,Aïn El Hadjar 800/650,Aïn Sekhouna 1100/650,Aïn Soltane 1000/650,Doui Thabet 900/650,El Hassasna 900/650,Hounet 1000/650,Maamora 1000/650,Moulay Larbi 900/650,Ouled Brahim 1100/650,Ouled Khaled 800/650,Saïda 800/650,Sidi Ahmed 900/650,Sidi Amar 800/650,Sidi Boubekeur 900/650,Tircine 1000/650,Youb 1000/650,,,,,,,,,,,,,,,,,,,,,,,,,,,,,,,,,,,,,,,,,,,,,,,,,,,
21,Skikda,Aïn Bouziane 1000/650,Aïn Charchar 1000/650,Aïn Kechra 1000/650,Aïn Zouit 900/650,Azzaba 900/650,Bekkouche Lakhdar 1000/650,Bin El Ouiden 1000/650,Ben Azzouz 1000/650,Beni Bechir 800/650,Beni Oulbane 1000/650,Beni Zid 1000/650,Bouchtata 900/650,Cheraia 1000/650,Collo 1000/650,Djendel Saadi Mohamed 900/650,El Ghedir 900/650,El Hadaiek 800/650,El Harrouch 900/650,El Marsa 900/650,Emdjez Edchich 900/650,Es Sebt 1000/650,Filfila 900/650,Hamadi Krouma 800/650,Kanoua 1100/650,Kerkera 1000/650,Kheneg Mayoum 1100/650,Oued Zehour 1100/650,Ouldja Boulballout 1000/650,Ouled Attia 1100/650,Ouled Hbaba 1000/650,Oum Toub 1000/650,Ramdane Djamel 800/650,Salah Bouchaour 900/650,Sidi Mezghiche 900/650,Skikda 800/650,Tamalous 1000/650,Zerdaza 900/650,Zitouna 800/650,,,,,,,,,,,,,,,,,,,,,,,,,,,,,
22,Sidi Bel Abbès,Aïn Adden 1000/650,Aïn El Berd 900/650,Aïn Kada 900/650,Aïn Thrid 800/650,Aïn Tindamine 1000/650,Amarnas 900/650,Badredine El Mokrani 900/650,Belarbi 900/650,Ben Badis 1000/650,Benachiba Chelia 900/650,Bir El Hammam 1100/650,Boudjebaa El Bordj 900/650,Boukhanafis 900/650,Chettouane Belaila 1000/650,Dhaya 1000/650,El Haçaiba 1000/650,Hassi Dahou 900/650,Hassi Zehana 900/650,Lamtar 900/650,Makedra 900/650,Marhoum 1100/650,M'Cid 1000/650,Merine 1000/650,Mezaourou 1000/650,Mostefa Ben Brahim 900/650,Moulay Slissen 1000/650,Oued Sebaa 1100/650,Oued Sefioun 900/650,Oued Taourira 1000/650,Ras El Ma 1100/650,Redjem Demouche 1100/650,Sehala Thaoura 900/650,Sfisef 1000/650,Sidi Ali Benyoub 900/650,Sidi Ali Boussidi 900/650,Sidi Bel Abbes 800/650,Sidi Brahim 800/650,Sidi Chaib 1100/650,Sidi Daho des Zairs 900/650,Sidi Hamadouche 800/650,Sidi Khaled 900/650,Sidi Lahcene 800/650,Sidi Yacoub 900/650,Tabia 900/650,Tafissour 1100/650,Taoudmout 1100/650,Teghalimet 1000/650,Telagh 1000/650,Tenira 1100/650,Tessala 900/650,Tilmouni 800/650,Zerouala 800/650,,,,,,,,,,,,,,,
23,Annaba,Annaba 800/650,Berrahal 900/650,El Hadjar 900/650,Eulma 900/650,El Bouni 800/650,Oued El Aneb 900/650,Cheurfa 800/650,Seraïdi 800/650,Aïn Berda 900/650,Chetaïbi 1000/650,Sidi Amar 800/650,Treat 900/650,,,,,,,,,,,,,,,,,,,,,,,,,,,,,,,,,,,,,,,,,,,,,,,,,,,,,,,
24,Guelma,Aïn Ben Beida 900/650,Aïn Larbi 800/650,Aïn Makhlouf 1000/650,Aïn Reggada 900/650,Aïn Sandel 900/650,Belkheir 800/650,Ben Djerrah 800/650,Beni Mezline 900/650,Bordj Sabath 1000/650,Bouhachana 900/650,Bouhamdane 900/650,Bouati Mahmoud 900/650,Bouchegouf 900/650,Boumahra Ahmed 800/650,Dahouara 1000/650,Djeballah Khemissi 800/650,El Fedjoudj 800/650,Guellat Bou Sbaa 800/650,Guelma 800/650,Hammam Debagh 900/650,Hammam N'Bail 900/650,Héliopolis 800/650,Houari Boumédiène 900/650,Khezarra 900/650,Medjez Amar 800/650,Medjez Sfa 1000/650,Nechmaya 900/650,Oued Cheham 1000/650,Oued Fragha 1000/650,Oued Zenati 900/650,Ras El Agba 900/650,Roknia 900/650,Sellaoua Announa 900/650,Tamlouka 1000/650,,,,,,,,,,,,,,,,,,,,,,,,,,,,,,,,,
25,Constantine,Aïn Abid 1000/650,Aïn Smara 900/650,Beni Hamiden 900/650,Constantine 800/650,Didouche Mourad 900/650,El Khroub 800/650,Hamma Bouziane 900/650,Ibn Badis 900/650,Ibn Ziad 900/650,Messaoud Boudjriou 900/650,Ouled Rahmoune 900/650,Zighoud Youcef 900/650,,,,,,,,,,,,,,,,,,,,,,,,,,,,,,,,,,,,,,,,,,,,,,,,,,,,,,,
26,Médéa,Aïn Boucif 1000/650,Aïn Ouksir 1100/650,Aissaouia 1000/650,Aziz 1100/650,Baata 1000/650,Benchicao 900/650,Beni Slimane 1000/650,Berrouaghia 900/650,Bir Ben Laabed 1000/650,Boghar 1000/650,Bou Aiche 1100/650,Bouaichoune 900/650,Bouchrahil 900/650,Boughezoul 1100/650,Bouskene 1000/650,Chahbounia 1100/650,Chellalet El Adhaoura 1100/650,Cheniguel 1100/650,Derrag 1100/650,Deux Bassins 1100/650,Djouab 1100/650,Draa Essamar 800/650,El Azizia 1100/650,El Guelb El Kebir 1000/650,El Hamdania 900/650,El Omaria 900/650,El Ouinet 1000/650,Hannacha 900/650,Kef Lakhdar 1100/650,Khams Djouamaa 1000/650,Ksar Boukhari 1000/650,Meghraoua 1100/650,Médéa 800/650,Moudjbar 1000/650,Meftaha 1000/650,Mezerana 1100/650,Mihoub 1100/650,Ouamri 900/650,Oued Harbil 900/650,Ouled Antar 1100/650,Ouled Bouachra 900/650,Ouled Brahim 1100/650,Ouled Deide 900/650,Ouled Hellal 1100/650,Ouled Maaref 1000/650,Oum El Djalil 1100/650,Ouzera 800/650,Rebaia 1000/650,Saneg 1100/650,Sedraia 1100/650,Seghouane 1000/650,Si Mahdjoub 900/650,Sidi Damed 1100/650,Sidi Errabia 1000/650,Sidi Naamanez 900/650,Sidi Zahar 1000/650,Sidi Ziane 1000/650,Souagui 1000/650,Tablat 1100/650,Tafraout 1100/650,Tamesguida 800/650,Tizi Mahdi 900/650,Tlatet Eddouar 900/650,Zoubiria 900/650,,,
27,Mostaganem,Abdelmalek Ramdane 900/650,Achaacha 1000/650,Aïn Boudinar 800/650,Aïn Nouissy 900/650,Aïn Sidi Cherif 900/650,Aïn Tedles 900/650,Blad Touahria 900/650,Bouguirat 900/650,El Hassaine 900/650,Fornaka 900/650,Hadjadj 900/650,Hassi Mameche 800/650,Khadra 1000/650,Kheireddine 800/650,Mansourah 800/650,Mesra 800/650,Mazagran 800/650,Mostaganem 800/650,Nekmaria 1000/650,Oued El Kheir 900/650,Ouled Boughalem 1100/650,Ouled Maallah 1000/650,Safsaf 900/650,Sayada 800/650,Sidi Ali 1000/650,Sidi Belattar 900/650,Sidi Lakhdar 1000/650,Sirat 900/650,Souaflia 900/650,Sour 900/650,Stidia 900/650,Tazgait 1000/650,,,,,,,,,,,,,,,,,,,,,,,,,,,,,,,,,,,
28,M'Sila,Aïn El Hadjel 1000/650,Aïn El Melh 1100/650,Aïn Errich 1100/650,Aïn Fares 800/650,Aïn Khadra 1000/650,Belaiba 1000/650,Ben Srour 1100/650,Beni Ilmane 1000/650,Benzouh 1000/650,Berhoum 1000/650,Bir Foda 1100/650,Bou Saâda 1000/650,Bouti Sayah 1100/650,Chellal 900/650,Dehahna 1000/650,Djebel Messaad 1000/650,El Hamel 1100/650,El Houamed 1000/650,Hammam Dhalaa 900/650,Khettouti Sed El Djir 1000/650,Khoubana 1000/650,Maadid 900/650,Maarif 900/650,Magra 1000/650,M'Cif 1100/650,Medjedel 1100/650,Mohammed Boudiaf 1100/650,M'Sila 800/650,M'Tarfa 800/650,Ouanougha 1000/650,Ouled Addi Guebala 900/650,Ouled Atia 1100/650,Ouled Derradj 900/650,Ouled Madhi 900/650,Ouled Mansour 900/650,Ouled Sidi Brahim 1000/650,Ouled Slimane 1100/650,Oultem 1000/650,Sidi Aïssa 1100/650,Sidi Ameur 1000/650,Sidi Hadjeres 1000/650,Sidi M'Hamed 800/650,Slim 1100/650,Souamaa 900/650,Tamsa 1100/650,Tarmount 900/650,Zarzour 1100/650,,,,,,,,,,,,,,,,,,,,
29,Mascara,Aïn Fares 1000/650,Aïn Fekan 900/650,Aïn Ferah 1000/650,Aïn Fras 800/650,Alaïmia 1000/650,Aouf 900/650,Beniane 1000/650,Bou Hanifia 900/650,Bou Henni 1000/650,Chorfa 1000/650,El Bordj 900/650,El Gaada 1000/650,El Ghomri 1000/650,El Guettana 900/650,El Keurt 800/650,El Menaouer 900/650,Ferraguig 900/650,Froha 800/650,Gharrous 1000/650,Guerdjoum 900/650,Ghriss 900/650,Hachem 900/650,Hacine 900/650,Khalouia 900/650,Makdha 900/650,Mamounia 800/650,Maoussa 800/650,Mascara 800/650,Matemore 800/650,Mocta Douz 1000/650,Mohammadia 800/650,Nesmoth 900/650,Oggaz 900/650,Oued El Abtal 1000/650,Oued Taria 900/650,Ras El Aïn Amirouche 1000/650,Sedjerara 1000/650,Sehailia 900/650,Sidi Abdeldjebar 900/650,Sidi Abdelmoumen 1000/650,Sidi Kada 900/650,Sidi Boussaid 900/650,Sig 1000/650,Tighennif 900/650,Tizi 800/650,Zahana 1000/650,Zelmata 1000/650,,,,,,,,,,,,,,,,,,,,
30,Ouargla,Aïn Beida 1050/900,Benaceur 1050/900,Blidet Amor 1050/900,El Allia 1250/900,El Borma 1250/900,El Hadjira 1250/900,Hassi Ben Abdellah 1150/900,Hassi Messaoud 950/900,Megarine 950/900,M'Naguer 1050/900,Nezla 950/900,N'Goussa 1050/900,Ouargla 950/900,Rouissat 950/900,Sidi Khouiled 950/900,Sidi Slimane 1250/900,Taibet 1050/900,Tamacine 950/900,Tebesbest 950/900,Touggourt 950/900,Zaouia El Abidia 950/900,,,,,,,,,,,,,,,,,,,,,,,,,,,,,,,,,,,,,,,,,,,,,,
31,Oran,Oran 800/650,Gdyel 800/650,Bir El Djir 800/650,Hassi Bounif 800/650,Es Senia 800/650,Arzew 900/650,Bethioua 900/650,Marsat El Hadjadj 1000/650,Aïn El Turk 900/650,El Ançor 900/650,Oued Tlelat 900/650,Tafraoui 900/650,Sidi Chami 800/650,Boufatis 900/650,Mers El Kébir 900/650,Bou Sfer 900/650,El Kerma 800/650,El Braya 800/650,Hassi Ben Okba 800/650,Ben Freha 900/650,Hassi Mefsoukh 900/650,Sidi Benyebka 900/650,Misserghin 800/650,Boutlelis 900/650,Aïn El Kerma 900/650,Aïn El Bia 900/650,,,,,,,,,,,,,,,,,,,,,,,,,,,,,,,,,,,,,,,,,
32,El Bayadh,El Bayadh 1400/1200,Rogassa 1600/1200,Stitten 1500/1200,Brezina 1700/1200,Ghassoul 1600/1200,Boualem 1600/1200,El Abiodh Sidi Cheikh 1700/1200,Aïn El Orak 1600/1200,Arbaouat 1700/1200,Bougtoub 1700/1200,El Kheiter 1700/1200,Kef El Ahmar 1600/1200,Boussemghoun 1700/1200,Chellala 1700/1200,Kraakda 1600/1200,El Bnoud 1700/1200,Cheguig 1600/1200,Sidi Ameur 1600/1200,El Mehara 1700/1200,Tousmouline 1700/1200,Sidi Slimane 1700/1200,Sidi Tifour 1600/1200,,,,,,,,,,,,,,,,,,,,,,,,,,,,,,,,,,,,,,,,,,,,,
33,Illizi,Illizi 1600/1300,Djanet 1900/1300,Debdeb 1900/1300,Bordj Omar Driss 1900/1300,Bordj El Haouas 1900/1300,In Amenas 1900/1300,,,,,,,,,,,,,,,,,,,,,,,,,,,,,,,,,,,,,,,,,,,,,,,,,,,,,,,,,,,,,
34,Bordj Bou Arreridj,Aïn Taghrout 900/650,Aïn Tesra 900/650,Belimour 900/650,Ben Daoud 1000/650,Bir Kasdali 900/650,Bordj Bou Arreridj 800/650,Bordj Ghédir 900/650,Bordj Zemoura 900/650,Colla 1000/650,Djaafra 1000/650,El Ach 900/650,El Achir 800/650,El Anseur 800/650,El Hamadia 800/650,El Main 1000/650,El M'hir 900/650,Ghilassa 900/650,Haraza 1000/650,Hasnaoua 800/650,Khelil 900/650,Ksour 900/650,Mansoura 1000/650,Medjana 800/650,Ouled Brahem 1000/650,Ouled Dahmane 900/650,Ouled Sidi Brahim 1000/650,Rabta 900/650,Ras El Oued 900/650,Sidi Embarek 800/650,Tefreg 900/650,Taglait 900/650,Teniet En Nasr 900/650,Tassameurt 900/650,Tixter 900/650,,,,,,,,,,,,,,,,,,,,,,,,,,,,,,,,,
35,Boumerdès,Boumerdes 600/500,Boudouaou 600/500,Afir 800/500,Bordj Menaiel 700/500,Baghlia 800/500,Sidi Daoud 800/500,Naciria 700/500,Djinet 700/500,Issers 700/500,Zemmouri 600/500,Si Mustapha 600/500,Tidjelabine 600/500,Chabet el Ameur 700/500,Thenia 600/500,Timezrit 700/500,Corso 600/500,Ouled Moussa 700/500,Larbatache 700/500,Bouzegza Keddara 700/500,Taourga 800/500,Ouled Aissa 800/500,Ben Choud 800/500,Dellys 800/500,Ammal 700/500,Beni Amrane 700/500,Souk El Had 600/500,Boudouaou El Bahri 600/500,Ouled Hedadj 700/500,Leghata 700/500,Hammedi 700/500,Khemis El Khechna 700/500,El Kharrouba 700/500,,,,,,,,,,,,,,,,,,,,,,,,,,,,,,,,,,,
36,El Tarf,Aïn El Assel 800/650,Aïn Kerma 900/650,Asfour 1000/650,Ben Mehidi 1000/650,Berrihane 900/650,Besbes 1000/650,Bougous 900/650,Bouhadjar 900/650,Bouteldja 800/650,Chebaita Mokhtar 1000/650,Chefia 900/650,Chihani 1000/650,Dréan 1000/650,Echatt 900/650,El Aioun 900/650,El Kala 900/650,El Tarf 800/650,Hammam Beni Salah 1000/650,Lac des Oiseaux 900/650,Oued Zitoun 900/650,Raml Souk 900/650,Souarekh 900/650,Zerizer 1000/650,Zitouna 800/650,,,,,,,,,,,,,,,,,,,,,,,,,,,,,,,,,,,,,,,,,,,
37,Tindouf,Oum el Assel 1900/1300,Tindouf 1600/1300,,,,,,,,,,,,,,,,,,,,,,,,,,,,,,,,,,,,,,,,,,,,,,,,,,,,,,,,,,,,,,,,,
38,Tissemsilt,Ammari 900/650,Beni Chaib 900/650,Beni Lahcene 900/650,Boucaid 1000/650,Bordj Bou Naama 1000/650,Bordj El Emir Abdelkader 1000/650,Khemisti 900/650,Larbaa 1000/650,Lardjem 900/650,Layoune 900/650,Lazharia 1000/650,Maacem 900/650,Melaab 1000/650,Ouled Bessem 800/650,Sidi Abed 900/650,Sidi Boutouchent 1000/650,Sidi Lantri 1000/650,Sidi Slimane 1100/650,Tamalaht 1000/650,Theniet El Had 1000/650,Tissemsilt 800/650,Youssoufia 1000/650,,,,,,,,,,,,,,,,,,,,,,,,,,,,,,,,,,,,,,,,,,,,,
39,El Oued,El Oued 950/900,Robbah 950/900,Oued El Alenda 1050/900,Bayadha 950/900,Nakhla 1050/900,Guemar 1050/900,Kouinine 950/900,Reguiba 1050/900,Hamraia 1250/900,Taghzout 950/900,Debila 1050/900,Hassani Abdelkrim 950/900,Hassi Khalifa 1050/900,Taleb Larbi 1250/900,Douar El Ma 1250/900,Sidi Aoun 1050/900,Trifaoui 950/900,Magrane 1050/900,Beni Guecha 1250/900,Ourmas 950/900,Still 1150/900,M'Rara 1150/900,Sidi Khellil 950/900,Tendla 1250/900,El Ogla 1250/900,Mih Ouansa 1050/900,El M'Ghair 950/900,Djamaa 1150/900,Oum Touyour 1050/900,Sidi Amrane 1150/900,,,,,,,,,,,,,,,,,,,,,,,,,,,,,,,,,,,,,
40,Khenchela,Aïn Touila 900/650,Babar 900/650,Baghai 800/650,Bouhmama 1000/650,Chechar 1000/650,Chelia 1000/650,Djellal 1100/650,El Hamma 800/650,El Mahmal 800/650,El Oueldja 1100/650,Ensigha 800/650,Kais 900/650,Khenchela 800/650,Khirane 1000/650,M'Sara 1000/650,M'Toussa 900/650,Ouled Rechache 900/650,Remila 900/650,Tamza 900/650,Taouzient 900/650,Yabous 1000/650,,,,,,,,,,,,,,,,,,,,,,,,,,,,,,,,,,,,,,,,,,,,,,
41,Souk Ahras,Souk Ahras 800/650,Sedrata 900/650,Hanancha 900/650,Mechroha 900/650,Ouled Driss 900/650,Tiffech 900/650,Zaarouria 900/650,Taoura 900/650,Drea 1000/650,Heddada 1000/650,Khedara 1000/650,Merahna 900/650,Ouled Moumene 1000/650,Bir Bou Haouch 1000/650,M'daourouch 1000/650,Oum El Adhaim 1000/650,Aïn Zana 900/650,Aïn Soltane 1000/650,Ouillen 900/650,Sidi Fredj 900/650,Safel El Ouiden 1000/650,Ragouba 900/650,Khemissa 900/650,Oued Keberit 1000/650,Terraguelt 1000/650,Zouabi 1000/650,,,,,,,,,,,,,,,,,,,,,,,,,,,,,,,,,,,,,,,,,
42,Tipaza,Tipaza 600/500,Menaceur 700/500,Larhat 800/500,Douaouda 800/500,Bourkika 700/500,Khemisti 700/500,Aghbal 800/500,Hadjout 600/500,Sidi Amar 600/500,Gouraya 800/500,Nador 600/500,Chaiba 700/500,Aïn Tagourait 600/500,Cherchell 700/500,Damous 800/500,Merad 700/500,Fouka 700/500,Bou Ismaïl 700/500,Ahmar El Aïn 700/500,Bouharoun 700/500,Sidi Ghiles 700/500,Messelmoun 800/500,Sidi Rached 700/500,Koléa 700/500,Attatba 700/500,Sidi Semiane 800/500,Beni Milleuk 800/500,Hadjeret Ennous 800/500,,,,,,,,,,,,,,,,,,,,,,,,,,,,,,,,,,,,,,,
43,Mila,Ahmed Rachedi 900/650,Aïn Beida Harriche 900/650,Aïn Mellouk 900/650,Aïn Tine 800/650,Amira Arrès 900/650,Benyahia Abderrahmane 900/650,Bouhatem 900/650,Chelghoum Laid 1000/650,Chigara 900/650,Derradji Bousselah 900/650,El Mechira 900/650,Elayadi Barbes 900/650,Ferdjioua 900/650,Grarem Gouga 800/650,Hamala 900/650,Mila 800/650,Minar Zarza 1000/650,Oued Athmania 900/650,Oued Endja 900/650,Oued Seguen 900/650,Ouled Khalouf 900/650,Rouached 900/650,Sidi Khelifa 900/650,Sidi Merouane 800/650,Tadjenanet 900/650,Tassadane Haddada 1000/650,Teleghma 900/650,Terrai Bainen 900/650,Tessala Lemtaï 900/650,Tiberguent 900/650,Yahia Beni Guecha 900/650,Zeghaia 800/650,,,,,,,,,,,,,,,,,,,,,,,,,,,,,,,,,,,
44,Aïn Defla,Aïn Defla 800/650,Aïn Bouyahia 900/650,Aïn Benian 1000/650,Aïn Lechiekh 1000/650,Aïn Soltane 1000/650,Aïn Torki 1000/650,Arib 900/650,Bathia 1000/650,Belaas 900/650,Ben Allal 1000/650,Birbouche 1000/650,Bir Ould Khelifa 900/650,Bordj Emir Khaled 900/650,Boumedfaa 1000/650,Bourached 800/650,Djelida 900/650,Djemaa Ouled Cheikh 900/650,Djendel 1000/650,El Abadia 900/650,El Amra 800/650,El Attaf 900/650,El Hassania 900/650,El Maine 900/650,Hammam Righa 1000/650,Hoceinia 1000/650,Khemis Miliana 900/650,Mekhatria 900/650,Miliana 900/650,Oued Chorfa 900/650,Oued Djemaa 1000/650,Rouina 800/650,Sidi Lakhdar 900/650,Tacheta Zougagha 900/650,Tarik Ibn Ziad 1000/650,Tiberkanine 900/650,Zeddine 900/650,,,,,,,,,,,,,,,,,,,,,,,,,,,,,,,
45,Naâma,Naâma 1400/1200,Mecheria 1500/1200,Aïn Sefra 1600/1200,Tiout 1700/1200,Sfissifa 1700/1200,Moghrar 1700/1200,Assela 1600/1200,Djeniene Bourezg 1700/1200,Aïn Ben Khelil 1600/1200,Makman Ben Amer 1600/1200,Kasdir 1700/1200,El Biod 1600/1200,,,,,,,,,,,,,,,,,,,,,,,,,,,,,,,,,,,,,,,,,,,,,,,,,,,,,,,
46,Aïn Témouchent,Aghlal 900/650,Aïn El Arbaa 900/650,Aïn Kihal 800/650,Aïn Témouchent 800/650,Aïn Tolba 900/650,Aoubellil 900/650,Beni Saf 900/650,Bouzedjar 900/650,Chaabat El Leham 800/650,Chentouf 800/650,El Amria 900/650,El Emir Abdelkader 900/650,El Malah 800/650,El Messaid 900/650,Hammam Bouhadjar 900/650,Hassasna 900/650,Hassi El Ghella 900/650,Oued Berkeche 900/650,Oued Sabah 900/650,Ouled Boudjemaa 900/650,Ouled Kihal 800/650,Oulhaça El Gheraba 1000/650,Sidi Ben Adda 800/650,Sidi Boumedienne 900/650,Sidi Ouriache 900/650,Sidi Safi 900/650,Tamzoura 1000/650,Terga 900/650,,,,,,,,,,,,,,,,,,,,,,,,,,,,,,,,,,,,,,,
47,Ghardaïa,Berriane 1150/900,Bounoura 950/900,Dhayet Bendhahoua 950/900,El Atteuf 950/900,El Guerrara 1250/900,El Menia 1250/900,Ghardaïa 950/900,Hassi Fehal 1250/900,Hassi Gara 950/900,Mansoura 1150/900,Metlili 1150/900,Sebseb 1150/900,Zelfana 1150/900,,,,,,,,,,,,,,,,,,,,,,,,,,,,,,,,,,,,,,,,,,,,,,,,,,,,,,
48,Relizane,Aïn Rahma 900/650,Aïn Tarek 1000/650,Ammi Moussa 1000/650,Belassel Bouzegza 800/650,Bendaoud 800/650,Beni Dergoun 900/650,Beni Zentis 1000/650,Dar Ben Abdellah 900/650,Djidioua 900/650,El Guettar 1000/650,El Hamadna 900/650,El Hassi 1000/650,El Matmar 800/650,El Ouldja 900/650,Had Echkalla 1000/650,Hamri 900/650,Kalaa 900/650,Lahlef 1000/650,Mazouna 1000/650,Mediouna 1000/650,Mendes 900/650,Merdja Sidi Abed 1000/650,Ouarizane 1000/650,Oued Essalem 1000/650,Oued Rhiou 1000/650,Ouled Aiche 1000/650,Oued El Djemaa 800/650,Ouled Sidi Mihoub 900/650,Ramka 1100/650,Relizane 800/650,Sidi Khettab 900/650,Sidi Lazreg 900/650,Sidi M'Hamed Ben Ali 1000/650,Sidi M'Hamed Benaouda 800/650,Sidi Saada 900/650,Souk El Had 1000/650,Yellel 900/650,Zemmora 900/650,,,,,,,,,,,,,,,,,,,,,,,,,,,,,