,,,,
Colonne 1,Wilaya,communes,Bureaux,Domicile
Central,Adrar,Adrar,1850 DA,1400 DA
Central,Adrar,Tamest,1850 DA,1600 DA
Central,Adrar,Reggane,1850 DA,1700 DA
Central,Adrar,In Zghmir,1850 DA,1700 DA
Central,Adrar,Tit,1850 DA,1700 DA
Central,Adrar,Tsabit,1850 DA,1600 DA
Central,Adrar,Zaouiet Kounta,1850 DA,1600 DA
Central,Adrar,Aoulef,1850 DA,1700 DA
Central,Adrar,Tamekten,1850 DA,1700 DA
Central,Adrar,Tamantit,1850 DA,1400 DA
Central,Adrar,Fenoughil,1850 DA,1600 DA
Central,Adrar,Sali,1850 DA,1700 DA
Central,Adrar,Akabli,1850 DA,1700 DA
Central,Adrar,Ouled Ahmed Tammi,1850 DA,1400 DA
Central,Adrar,Bouda,1850 DA,1400 DA
Central,Adrar,Sebaa,1850 DA,1400 DA
Central,Adrar,Akabli,1850 DA,1700 DA
Central,Adrar,Aoulef,1850 DA,1700 DA
Central,Adrar,Bouda,1850 DA,1400 DA
Central,Adrar,Fenoughil,1850 DA,1600 DA
Central,Adrar,In Zghmir,1850 DA,1700 DA
Central,Adrar,Ouled Ahmed Tammi,1850 DA,1400 DA
Central,Adrar,Reggane,1850 DA,1700 DA
Central,Adrar,Sali,1850 DA,1700 DA
Central,Adrar,Sebaa,1850 DA,1400 DA
Central,Adrar,Tamantit,1850 DA,1400 DA
Central,Adrar,Tamekten,1850 DA,1700 DA
Central,Adrar,Tamest,1850 DA,1600 DA
Central,Adrar,Tit,1850 DA,1700 DA
Central,Adrar,Tsabit,1850 DA,1600 DA
Central,Adrar,Zaouiet Kounta,1850 DA,1600 DA
Central,Adrar,Akabli,1850 DA,1700 DA
Central,Adrar,Aoulef,1850 DA,1700 DA
Central,Adrar,Bouda,1850 DA,1400 DA
Central,Adrar,Fenoughil,1850 DA,1600 DA
Central,Adrar,In Zghmir,1850 DA,1700 DA
Central,Adrar,Ouled Ahmed Tammi,1850 DA,1400 DA
Central,Adrar,Reggane,1850 DA,1700 DA
Central,Adrar,Sali,1850 DA,1700 DA
Central,Adrar,Sebaa,1850 DA,1400 DA
Central,Adrar,Tamantit,1850 DA,1400 DA
Central,Adrar,Tamekten,1850 DA,1700 DA
Central,Adrar,Tamest,1850 DA,1600 DA
Central,Adrar,Tit,1850 DA,1700 DA
Central,Adrar,Tsabit,1850 DA,1600 DA
Central,Adrar,Zaouiet Kounta,1850 DA,1600 DA
Central,Laghouat,Laghouat,1 050 DA,950 DA
Central,Laghouat,Ksar El Hirane,1 050 DA,1050 DA
Central,Laghouat,Bennasser Benchohra,1 050 DA,1050 DA
Central,Laghouat,Sidi Makhlouf,1 050 DA,1150 DA
Central,Laghouat,Hassi Delaa,1 050 DA,1250 DA
Central,Laghouat,Hassi R'Mel,1 050 DA,1250 DA
Central,Laghouat,Aïn Madhi,1 050 DA,1150 DA
Central,Laghouat,Tadjemout,1 050 DA,1150 DA
Central,Laghouat,Kheneg,1 050 DA,950 DA
Central,Laghouat,Gueltat Sidi Saad,1 050 DA,1250 DA
Central,Laghouat,Aïn Sidi Ali,1 050 DA,950 DA
Central,Laghouat,Beidha,1 050 DA,950 DA
Central,Laghouat,Brida,1 050 DA,950 DA
Central,Laghouat,El Ghicha,1 050 DA,1250 DA
Central,Laghouat,Hadj Mechri,1 050 DA,950 DA
Central,Laghouat,Sebgag,1 050 DA,950 DA
Central,Laghouat,Taouiala,1 050 DA,950 DA
Central,Laghouat,Tadjrouna,1 050 DA,950 DA
Central,Laghouat,Aflou,1 050 DA,1250 DA
Central,Laghouat,El Assafia,1 050 DA,1250 DA
Central,Laghouat,Oued Morra,1 050 DA,950 DA
Central,Laghouat,Oued M'Zi,1 050 DA,1250 DA
Central,Laghouat,El Houaita,1 050 DA,1150 DA
Central,Laghouat,Sidi Bouzid,1 050 DA,950 DA
Central,Chlef,Chlef,900 DA,800 DA
Central,Chlef,Ténès,900 DA,1000 DA
Central,Chlef,Bénairia,900 DA,900 DA
Central,Chlef,El Karimia,900 DA,900 DA
Central,Chlef,Tadjena,900 DA,1000 DA
Central,Chlef,Taougrite,900 DA,1000 DA
Central,Chlef,Beni Haoua,900 DA,1000 DA
Central,Chlef,Sobha,900 DA,900 DA
Central,Chlef,Harchoun,900 DA,900 DA
Central,Chlef,Ouled Fares,900 DA,800 DA
Central,Chlef,Sidi Akkacha,900 DA,1000 DA
Central,Chlef,Boukadir,900 DA,900 DA
Central,Chlef,Beni Rached,900 DA,900 DA
Central,Chlef,Talassa,900 DA,1000 DA
Central,Chlef,Harenfa,900 DA,1000 DA
Central,Alger,Alger Centre,700 DA,500 DA
Central,Alger,Aïn Benian,700 DA,500 DA
Central,Alger,Aïn Taya,700 DA,500 DA
Central,Alger,Bab El Oued,700 DA,500 DA
Central,Alger,Bab Ezzouar,700 DA,500 DA
Central,Alger,Baba Hassen,700 DA,500 DA
Central,Alger,Bachdjerrah,700 DA,500 DA
Central,Alger,Baraki,700 DA,500 DA
Central,Alger,Belouizdad,700 DA,500 DA
Central,Alger,Ben Aknoun,700 DA,500 DA
Central,Alger,Beni Messous,700 DA,500 DA
Central,Alger,Bir Mourad Raïs,700 DA,500 DA
Central,Alger,Birkhadem,700 DA,500 DA
Central,Alger,Birtouta,700 DA,500 DA
Central,Alger,Bologhine,700 DA,500 DA
Central,Alger,Bordj El Bahri,700 DA,500 DA
Central,Alger,Bordj El Kiffan,700 DA,500 DA
Central,Alger,Bourouba,700 DA,500 DA
Central,Alger,Bouzareah,700 DA,500 DA
Central,Alger,Casbah,700 DA,500 DA
Central,Alger,Cheraga,700 DA,500 DA
Central,Alger,Dar El Beïda,700 DA,500 DA
Central,Alger,Dely Ibrahim,700 DA,500 DA
Central,Alger,Djasr Kasentina,700 DA,500 DA
Central,Alger,Douera,700 DA,500 DA
Central,Alger,Draria,700 DA,500 DA
Central,Alger,El Achour,700 DA,500 DA
Central,Alger,El Biar,700 DA,500 DA
Central,Alger,El Hammamet,700 DA,500 DA
Central,Alger,El Harrach,700 DA,500 DA
Central,Alger,El Madania,700 DA,500 DA
Central,Alger,El Magharia,700 DA,500 DA
Central,Alger,El Marsa,700 DA,500 DA
Central,Alger,El Mouradia,700 DA,500 DA
Central,Alger,H'raoua,700 DA,500 DA
Central,Alger,Hussein Dey,700 DA,500 DA
Central,Alger,Hydra,700 DA,500 DA
Central,Alger,Khraicia,700 DA,500 DA
Central,Alger,Kouba,700 DA,500 DA
Central,Alger,Les Eucalyptus,700 DA,500 DA
Central,Alger,Mahelma,700 DA,500 DA
Central,Alger,Mohammadia,700 DA,500 DA
Central,Alger,Oued Koriche,700 DA,500 DA
Central,Alger,Oued Smar,700 DA,500 DA
Central,Alger,Ouled Chebel,700 DA,500 DA
Central,Alger,Ouled Fayet,700 DA,500 DA
Central,Alger,Rahmania,700 DA,500 DA
Central,Alger,Raïs Hamidou,700 DA,500 DA
Central,Alger,Reghaïa,700 DA,500 DA
Central,Alger,Rouïba,700 DA,500 DA
Central,Alger,Saoula,700 DA,500 DA
Central,Alger,Sidi M'Hamed,700 DA,500 DA
Central,Alger,Sidi Moussa,700 DA,500 DA
Central,Alger,Souidania,700 DA,500 DA
Central,Alger,Ouled Chebel,700 DA,500 DA
Central,Alger,Ouled Fayet,700 DA,500 DA
Central,Alger,Rahmania,700 DA,500 DA
Central,Alger,Raïs Hamidou,700 DA,500 DA
Central,Alger,Reghaïa,700 DA,500 DA
Central,Alger,Rouïba,700 DA,500 DA
Central,Alger,Saoula,700 DA,500 DA
Central,Alger,Sidi M'Hamed,700 DA,500 DA
Central,Alger,Sidi Moussa,700 DA,500 DA
Central,Alger,Souidania,700 DA,500 DA
Central,Annaba,Eulma,900 DA,900 DA
Central,Annaba,Oued El Aneb,900 DA,900 DA
Central,Annaba,Seraïdi,900 DA,800 DA
Central,Annaba,Sidi Amar,900 DA,800 DA
Central,Annaba,Treat,900 DA,900 DA
Central,Aïn Defla,Ain Benian,900 DA,1000 DA
Central,Aïn Defla,Ain Soltane,900 DA,1000 DA
Central,Aïn Defla,Arib,900 DA,900 DA
Central,Aïn Defla,Aïn Bouyahia,900 DA,900 DA
Central,Aïn Defla,Aïn Defla,900 DA,800 DA
Central,Aïn Defla,Aïn Lechiekh,900 DA,1000 DA
Central,Aïn Defla,Aïn Torki,900 DA,1000 DA
Central,Aïn Defla,Bathia,900 DA,800 DA
Central,Aïn Defla,Belaas,900 DA,800 DA
Central,Aïn Defla,Ben Allal,900 DA,1000 DA
Central,Aïn Defla,Bir Ould Khelifa,900 DA,900 DA
Central,Aïn Defla,Birbouche,900 DA,1000 DA
Central,Aïn Defla,Bordj Emir Khaled,900 DA,900 DA
Central,Aïn Defla,Boumedfaa,900 DA,1000 DA
Central,Aïn Defla,Bourached,900 DA,800 DA
Central,Aïn Defla,Djelida,900 DA,900 DA
Central,Aïn Defla,Djemaa Ouled Cheikh,900 DA,800 DA
Central,Aïn Defla,Djendel,900 DA,1000 DA
Central,Aïn Defla,El Abadia,900 DA,900 DA
Central,Aïn Defla,El Amra,900 DA,800 DA
Central,Aïn Defla,El Attaf,900 DA,900 DA
Central,Aïn Defla,El Hassania,900 DA,800 DA
Central,Aïn Defla,El Maine,900 DA,800 DA
Central,Aïn Defla,Hammam Righa,900 DA,1000 DA
Central,Aïn Defla,Hoceinia,900 DA,1000 DA
Central,Aïn Defla,Khemis Miliana,900 DA,900 DA
Central,Aïn Defla,Mekhatria,900 DA,900 DA
Central,Aïn Defla,Miliana,900 DA,900 DA
Central,Aïn Defla,Oued Chorfa,900 DA,900 DA
Central,Aïn Defla,Oued Djemaa,900 DA,1000 DA
Central,Aïn Defla,Rouina,900 DA,800 DA
Central,Aïn Defla,Sidi Lakhdar,900 DA,900 DA
Central,Aïn Defla,Tacheta Zougagha,900 DA,900 DA
Central,Aïn Defla,Tarik Ibn Ziad,900 DA,1000 DA
Central,Aïn Defla,Tiberkanine,900 DA,900 DA
Central,Aïn Defla,Zeddine,900 DA,900 DA
Central,Aïn Témouchent,Aghlal,900 DA,900 DA
Central,Aïn Témouchent,Aoubellil,900 DA,900 DA
Central,Aïn Témouchent,Aïn El Arbaa,900 DA,900 DA
Central,Aïn Témouchent,Aïn Kihal,900 DA,800 DA
Central,Aïn Témouchent,Aïn Tolba,900 DA,900 DA
Central,Aïn Témouchent,Aïn Témouchent,900 DA,800 DA
Central,Aïn Témouchent,Beni Saf,900 DA,900 DA
Central,Aïn Témouchent,Bouzedjar,900 DA,900 DA
Central,Aïn Témouchent,Chaabat El Leham,900 DA,800 DA
Central,Aïn Témouchent,Chentouf,900 DA,800 DA
Central,Aïn Témouchent,El Amria,900 DA,900 DA
Central,Aïn Témouchent,El Emir Abdelkader,900 DA,900 DA
Central,Aïn Témouchent,El Malah,900 DA,800 DA
Central,Aïn Témouchent,El Messaid,900 DA,900 DA
Central,Aïn Témouchent,Hammam Bouhadjar,900 DA,900 DA
Central,Aïn Témouchent,Hassasna,900 DA,900 DA
Central,Aïn Témouchent,Hassi El Ghella,900 DA,900 DA
Central,Aïn Témouchent,Oued Berkeche,900 DA,900 DA
Central,Aïn Témouchent,Oued Sabah,900 DA,900 DA
Central,Aïn Témouchent,Ouled Boudjemaa,900 DA,900 DA
Central,Aïn Témouchent,Ouled Kihal,900 DA,800 DA
Central,Aïn Témouchent,Oulhaça El Gheraba,900 DA,1000 DA
Central,Aïn Témouchent,Sidi Ben Adda,900 DA,800 DA
Central,Aïn Témouchent,Sidi Boumedienne,900 DA,900 DA
Central,Aïn Témouchent,Sidi Ouriache,900 DA,900 DA
Central,Aïn Témouchent,Sidi Safi,900 DA,900 DA
Central,Aïn Témouchent,Tamzoura,900 DA,1000 DA
Central,Aïn Témouchent,Terga,900 DA,900 DA
Central,Batna,Abdelkader Azil,700 DA,1100 DA
Central,Batna,Arris,700 DA,1000 DA
Central,Batna,Aïn Djasser,700 DA,1000 DA
Central,Batna,Aïn Touta,700 DA,900 DA
Central,Batna,Aïn Yagout,700 DA,900 DA
Central,Batna,Barika,700 DA,900 DA
Central,Batna,Batna,700 DA,800 DA
Central,Batna,Ben Foudhala El Hakania,700 DA,1000 DA
Central,Batna,Bitam,700 DA,1100 DA
Central,Batna,Boulhilat,700 DA,1000 DA
Central,Batna,Boumagueur,700 DA,900 DA
Central,Batna,Boumia (Batna),700 DA,900 DA
Central,Batna,Bouzina,700 DA,1000 DA
Central,Batna,Chemora,700 DA,1000 DA
Central,Batna,Chir,700 DA,1000 DA
Central,Batna,Djerma,700 DA,900 DA
Central,Batna,Djezar,700 DA,1100 DA
Central,Batna,El Hassi,700 DA,1000 DA
Central,Batna,El Madher,700 DA,900 DA
Central,Batna,Fesdis,700 DA,800 DA
Central,Batna,Foum Toub,700 DA,900 DA
Central,Batna,Ghassira,700 DA,900 DA
Central,Batna,Gosbat,700 DA,800 DA
Central,Batna,Guigba,700 DA,900 DA
Central,Batna,Hidoussa,700 DA,900 DA
Central,Batna,Ichmoul,700 DA,900 DA
Central,Batna,Inoughissen,700 DA,1000 DA
Central,Batna,Kimmel,700 DA,900 DA
Central,Batna,Ksar Bellezma,700 DA,1000 DA
Central,Batna,Larbaâ,700 DA,800 DA
Central,Batna,Lazrou,700 DA,900 DA
Central,Batna,Lemsane,700 DA,1000 DA
Central,Batna,M'doukel,700 DA,1100 DA
Central,Batna,Maafa,700 DA,1000 DA
Central,Batna,Menaa,700 DA,900 DA
Central,Batna,Merouana,700 DA,1000 DA
Central,Batna,N'Gaous,700 DA,900 DA
Central,Batna,Oued Chaaba,700 DA,900 DA
Central,Batna,Oued El Ma,700 DA,900 DA
Central,Batna,Oued Taga,700 DA,900 DA
Central,Batna,Ouled Ammar,700 DA,800 DA
Central,Batna,Ouled Aouf,700 DA,1000 DA
Central,Batna,Ouled Fadel,700 DA,900 DA
Central,Batna,Ouled Sellam,700 DA,1000 DA
Central,Batna,Ouled Si Slimane,700 DA,900 DA
Central,Batna,Ouyoun El Assafir,700 DA,800 DA
Central,Batna,Rahbat,700 DA,900 DA
Central,Batna,Ras El Aioun,700 DA,1000 DA
Central,Batna,Sefiane,700 DA,900 DA
Central,Batna,Seggana,700 DA,1000 DA
Central,Batna,Seriana,700 DA,900 DA
Central,Batna,T'Kout,700 DA,900 DA
Central,Batna,Talkhamt,700 DA,1000 DA
Central,Batna,Taxlent,700 DA,1000 DA
Central,Batna,Tazoult,700 DA,800 DA
Central,Batna,Teniet El Abed,700 DA,1000 DA
Central,Batna,Tighanimine,700 DA,1000 DA
Central,Batna,Tigherghar,700 DA,900 DA
Central,Batna,Tilatou,700 DA,1000 DA
Central,Batna,Timgad,700 DA,900 DA
Central,Batna,Zanat El Beida,700 DA,900 DA
Central,Biskra,Aïn Naga,1050 DA,1150 DA
Central,Biskra,Aïn Zaatout,1050 DA,1150 DA
Central,Biskra,Biskra,1050 DA,950 DA
Central,Biskra,Bordj Ben Azzouz,1050 DA,1050 DA
Central,Biskra,Bouchagroune,1050 DA,1050 DA
Central,Biskra,Branis,1050 DA,1050 DA
Central,Biskra,Chetma,1050 DA,950 DA
Central,Biskra,Djemorah,1050 DA,1050 DA
Central,Biskra,El Feidh,1050 DA,1250 DA
Central,Biskra,El Ghrous,1050 DA,1150 DA
Central,Biskra,El Hadjeb,1050 DA,950 DA
Central,Biskra,El Haouch,1050 DA,1150 DA
Central,Biskra,El Kantara,1050 DA,1150 DA
Central,Biskra,El Mizaraa,1050 DA,1150 DA
Central,Biskra,El Outaya,1050 DA,1050 DA
Central,Biskra,Foughala,1050 DA,1150 DA
Central,Biskra,Khenguet Sidi Nadji,1050 DA,1250 DA
Central,Biskra,Lichana,1050 DA,1050 DA
Central,Biskra,Lioua,1050 DA,1150 DA
Central,Biskra,M'Chouneche,1050 DA,1050 DA
Central,Biskra,M'Lili,1050 DA,1050 DA
Central,Biskra,Mekhadma,1050 DA,1150 DA
Central,Biskra,Oumache,1050 DA,1050 DA
Central,Biskra,Ourlal,1050 DA,1050 DA
Central,Biskra,Sidi Okba,1050 DA,1050 DA
Central,Biskra,Tolga,1050 DA,1250 DA
Central,Biskra,Zeribet El Oued,1050 DA,1150 DA
Central,Blida,Aïn Romana,900 DA,700 DA
Central,Blida,Beni Mered,900 DA,600 DA
Central,Blida,Beni Tamou,900 DA,600 DA
Central,Blida,Benkhelil,900 DA,700 DA
Central,Blida,Blida,900 DA,600 DA
Central,Blida,Bouarfa,900 DA,600 DA
Central,Blida,Boufarik,900 DA,600 DA
Central,Blida,Bougara,900 DA,800 DA
Central,Blida,Bouinan,900 DA,700 DA
Central,Blida,Chebli,900 DA,700 DA
Central,Blida,Chiffa,900 DA,600 DA
Central,Blida,Chréa,900 DA,700 DA
Central,Blida,Djebabra,900 DA,800 DA
Central,Blida,El Affroun,900 DA,700 DA
Central,Blida,Guerouaou,900 DA,600 DA
Central,Blida,Hammam Melouane,900 DA,800 DA
Central,Blida,Larbaa,900 DA,800 DA
Central,Blida,Meftah,900 DA,700 DA
Central,Blida,Mouzaia,900 DA,600 DA
Central,Blida,Oued Alleug,900 DA,600 DA
Central,Blida,Oued Djer,900 DA,700 DA
Central,Blida,Ouled Slama,900 DA,700 DA
Central,Blida,Ouled Yaïch,900 DA,600 DA
Central,Blida,Souhane,900 DA,800 DA
Central,Blida,Soumaa,900 DA,600 DA
Central,Bordj Badji Mokhtar,Bordj Badji Mokhtar,1850 DA,1400 DA
Central,Bordj Badji Mokhtar,Timiaouine,1850 DA,1400 DA
Central,Bordj Bou Arreridj,Aïn Taghrout,1850 DA,900 DA
Central,Bordj Bou Arreridj,Aïn Tesra,1850 DA,900 DA
Central,Bordj Bou Arreridj,Belimour,1850 DA,900 DA
Central,Bordj Bou Arreridj,Ben Daoud,1850 DA,1000 DA
Central,Bordj Bou Arreridj,Bir Kasdali,1850 DA,900 DA
Central,Bordj Bou Arreridj,Bordj Bou Arreridj,1850 DA,800 DA
Central,Bordj Bou Arreridj,Bordj Ghédir,1850 DA,900 DA
Central,Bordj Bou Arreridj,Bordj Zemoura,1850 DA,900 DA
Central,Bordj Bou Arreridj,Colla,1850 DA,1000 DA
Central,Bordj Bou Arreridj,Djaafra,1850 DA,1000 DA
Central,Bordj Bou Arreridj,El Ach,1850 DA,800 DA
Central,Bordj Bou Arreridj,El Achir,1850 DA,800 DA
Central,Bordj Bou Arreridj,El Anseur,1850 DA,800 DA
Central,Bordj Bou Arreridj,El Hamadia,1850 DA,800 DA
Central,Bordj Bou Arreridj,El M'hir,1850 DA,900 DA
Central,Bordj Bou Arreridj,El Main,1850 DA,1000 DA
Central,Bordj Bou Arreridj,Ghilassa,1850 DA,900 DA
Central,Bordj Bou Arreridj,Haraza,1850 DA,1000 DA
Central,Bordj Bou Arreridj,Hasnaoua,1850 DA,800 DA
Central,Bordj Bou Arreridj,Khelil,1850 DA,900 DA
Central,Bordj Bou Arreridj,Ksour,1850 DA,900 DA
Central,Bordj Bou Arreridj,Mansoura,1850 DA,1000 DA
Central,Bordj Bou Arreridj,Medjana,1850 DA,800 DA
Central,Bordj Bou Arreridj,Ouled Brahem,1850 DA,1000 DA
Central,Bordj Bou Arreridj,Ouled Dahmane,1850 DA,900 DA
Central,Bordj Bou Arreridj,Ouled Sidi Brahim,1850 DA,1000 DA
Central,Bordj Bou Arreridj,Rabta,1850 DA,900 DA
Central,Bordj Bou Arreridj,Ras El Oued,1850 DA,900 DA
Central,Bordj Bou Arreridj,Sidi Embarek,1850 DA,800 DA
Central,Bordj Bou Arreridj,Taglait,1850 DA,900 DA
Central,Bordj Bou Arreridj,Tassameurt,1850 DA,900 DA
Central,Bordj Bou Arreridj,Tefreg,1850 DA,900 DA
Central,Bordj Bou Arreridj,Teniet En Nasr,1850 DA,900 DA
Central,Bordj Bou Arreridj,Tixter,1850 DA,900 DA
Central,Bouira,Aghbalou,900 DA,1000 DA
Central,Bouira,Ahl El Ksar,900 DA,900 DA
Central,Bouira,Aomar,900 DA,900 DA
Central,Bouira,Ath Mansour,900 DA,900 DA
Central,Bouira,Aïn Bessem,900 DA,900 DA
Central,Bouira,Aïn El Hadjar,900 DA,800 DA
Central,Bouira,Aïn El Turk,900 DA,900 DA
Central,Bouira,Aïn Laloui,900 DA,900 DA
Central,Bouira,Aït Laziz,900 DA,900 DA
Central,Bouira,Bechloul,900 DA,900 DA
Central,Bouira,Beni Khellad,900 DA,800 DA
Central,Bouira,Bir Ghbalou,900 DA,900 DA
Central,Bouira,Bordj Okhriss,900 DA,800 DA
Central,Bouira,Bouderbala,900 DA,1000 DA
Central,Bouira,Bouira,900 DA,800 DA
Central,Bouira,Boukram,900 DA,800 DA
Central,Bouira,Chorfa,900 DA,1000 DA
Central,Bouira,Dechmia,900 DA,800 DA
Central,Bouira,Dirrah,900 DA,800 DA
Central,Bouira,Djebahia,900 DA,900 DA
Central,Bouira,El Adjiba,900 DA,900 DA
Central,Bouira,El Asnam,900 DA,800 DA
Central,Bouira,El Hachimia,900 DA,900 DA
Central,Bouira,El Hakimia,900 DA,800 DA
Central,Bouira,El Khabouzia,900 DA,900 DA
Central,Bouira,El Mokrani,900 DA,1000 DA
Central,Bouira,Guerrouma,900 DA,800 DA
Central,Bouira,Hadjera Zerga,900 DA,800 DA
Central,Bouira,Haizer,900 DA,800 DA
Central,Bouira,Hanif,900 DA,900 DA
Central,Bouira,Kadiria,900 DA,900 DA
Central,Bouira,Lakhdaria,900 DA,1000 DA
Central,Bouira,M'Chedallah,900 DA,1000 DA
Central,Bouira,Maala,900 DA,800 DA
Central,Bouira,Maamora,900 DA,800 DA
Central,Bouira,Mezdour,900 DA,800 DA
Central,Bouira,Oued El Berdi,900 DA,800 DA
Central,Bouira,Ouled Rached,900 DA,900 DA
Central,Bouira,Raouraoua,900 DA,900 DA
Central,Bouira,Ridane,900 DA,800 DA
Central,Bouira,Saharidj,900 DA,1000 DA
Central,Bouira,Sour El Ghouzlane,900 DA,900 DA
Central,Bouira,Taghzout,900 DA,800 DA
Central,Bouira,Taguedit,900 DA,800 DA
Central,Bouira,Zbarbar,900 DA,800 DA
Central,Boumerdès,Afir,900 DA,800 DA
Central,Boumerdès,Ammal,900 DA,700 DA
Central,Boumerdès,Baghlia,900 DA,800 DA
Central,Boumerdès,Ben Choud,900 DA,800 DA
Central,Boumerdès,Beni Amrane,900 DA,700 DA
Central,Boumerdès,Bordj Menaiel,900 DA,700 DA
Central,Boumerdès,Boudouaou,900 DA,600 DA
Central,Boumerdès,Boudouaou El Bahri,900 DA,600 DA
Central,Boumerdès,Boumerdes,900 DA,600 DA
Central,Boumerdès,Bouzegza Keddara,900 DA,700 DA
Central,Boumerdès,Chabet El Ameur,900 DA,700 DA
Central,Boumerdès,Corso,900 DA,600 DA
Central,Boumerdès,Dellys,900 DA,800 DA
Central,Boumerdès,Djinet,900 DA,700 DA
Central,Boumerdès,El Kharrouba,900 DA,700 DA
Central,Boumerdès,Hammedi,900 DA,700 DA
Central,Boumerdès,Issers,900 DA,700 DA
Central,Boumerdès,Khemis El Khechna,900 DA,700 DA
Central,Boumerdès,Larbatache,900 DA,700 DA
Central,Boumerdès,Leghata,900 DA,700 DA
Central,Boumerdès,Naciria,900 DA,700 DA
Central,Boumerdès,Ouled Aissa,900 DA,700 DA
Central,Boumerdès,Ouled Hedadj,900 DA,700 DA
Central,Boumerdès,Ouled Moussa,900 DA,700 DA
Central,Boumerdès,Si Mustapha,900 DA,600 DA
Central,Boumerdès,Sidi Daoud,900 DA,800 DA
Central,Boumerdès,Souk El Had,900 DA,600 DA
Central,Boumerdès,Taourga,900 DA,800 DA
Central,Boumerdès,Thenia,900 DA,600 DA
Central,Boumerdès,Tidjelabine,900 DA,600 DA
Central,Boumerdès,Timezrit,900 DA,700 DA
Central,Boumerdès,Zemmouri,900 DA,600 DA
Central,Béchar,Abadla,1850 DA,1700 DA
Central,Béchar,Beni Ounif,1850 DA,1700 DA
Central,Béchar,Boukais,1850 DA,1600 DA
Central,Béchar,Béchar,1850 DA,1400 DA
Central,Béchar,Erg Ferradj,1850 DA,1700 DA
Central,Béchar,Kenadsa,1850 DA,1500 DA
Central,Béchar,Lahmar,1850 DA,1500 DA
Central,Béchar,Mechraa Houari Boumedienne,1850 DA,1700 DA
Central,Béchar,Meridja,1850 DA,1600 DA
Central,Béchar,Mougheul,1850 DA,1600 DA
Central,Béchar,Taghit,1850 DA,1700 DA
Central,Béjaïa,Adekar,700 DA,1000 DA
Central,Béjaïa,Ait Djellil,700 DA,1000 DA
Central,Béjaïa,Akbou,700 DA,800 DA
Central,Béjaïa,Akfadou,700 DA,1000 DA
Central,Béjaïa,Amalou,700 DA,800 DA
Central,Béjaïa,Amizour,700 DA,900 DA
Central,Béjaïa,Aokas,700 DA,800 DA
Central,Béjaïa,Aït Ksila,700 DA,1000 DA
Central,Béjaïa,Aït Maouche,700 DA,900 DA
Central,Béjaïa,Aït Mellikeche,700 DA,900 DA
Central,Béjaïa,Aït R'zine,700 DA,900 DA
Central,Béjaïa,Aït Smail,700 DA,1000 DA
Central,Béjaïa,Barbacha,700 DA,900 DA
Central,Béjaïa,Boudjellil,700 DA,900 DA
Central,Béjaïa,Bouhamza,700 DA,900 DA
Central,Béjaïa,Boukhelifa,700 DA,900 DA
Central,Béjaïa,Béjaïa,700 DA,800 DA
Central,Béjaïa,Chellata,700 DA,800 DA
Central,Béjaïa,Chemini,700 DA,900 DA
Central,Béjaïa,Darguina,700 DA,1000 DA
Central,Béjaïa,Draâ El Kaïd,700 DA,1000 DA
Central,Béjaïa,El Kseur,700 DA,900 DA
Central,Béjaïa,Fenaïa Ilmaten,700 DA,900 DA
Central,Béjaïa,Ferraoun,700 DA,1000 DA
Central,Béjaïa,Ighil Ali,700 DA,900 DA
Central,Béjaïa,Ighram,700 DA,800 DA
Central,Béjaïa,Kendira,700 DA,900 DA
Central,Béjaïa,Kherrata,700 DA,1000 DA
Central,Béjaïa,Leflaye,700 DA,900 DA
Central,Béjaïa,M'cisna,700 DA,900 DA
Central,Béjaïa,Melbou,700 DA,900 DA
Central,Béjaïa,Oued Ghir,700 DA,800 DA
Central,Béjaïa,Ouzellaguen,700 DA,800 DA
Central,Béjaïa,Seddouk,700 DA,900 DA
Central,Béjaïa,Semaoun,700 DA,1000 DA
Central,Béjaïa,Sidi Ayad,700 DA,900 DA
Central,Béjaïa,Sidi Aïch,700 DA,900 DA
Central,Béjaïa,Souk El Ténine,700 DA,900 DA
Central,Béjaïa,Souk Oufella,700 DA,900 DA
Central,Béjaïa,Tala Hamza,700 DA,800 DA
Central,Béjaïa,Tamokra,700 DA,800 DA
Central,Béjaïa,Tamridjet,700 DA,1000 DA
Central,Béjaïa,Taourirt Ighil,700 DA,1000 DA
Central,Béjaïa,Taskriout,700 DA,1000 DA
Central,Béjaïa,Tazmalt,700 DA,900 DA
Central,Béjaïa,Tibane,700 DA,900 DA
Central,Béjaïa,Tichy,700 DA,900 DA
Central,Béjaïa,Tifra,700 DA,900 DA
Central,Béjaïa,Timezrit,700 DA,900 DA
Central,Béjaïa,Tinabdher,700 DA,900 DA
Central,Béjaïa,Tizi N'Berber,700 DA,800 DA
Central,Béjaïa,Toudja,700 DA,900 DA
Central,Béni Abbès,Beni Ikhlef,1850 DA,1700 DA
Central,Béni Abbès,Béni Abbès,1850 DA,1700 DA
Central,Béni Abbès,El Ouata,1850 DA,1500 DA
Central,Béni Abbès,Igli,1850 DA,1600 DA
Central,Béni Abbès,Kerzaz,1850 DA,1700 DA
Central,Béni Abbès,Ksabi,1850 DA,1700 DA
Central,Béni Abbès,Ouled Khoudir,1850 DA,1700 DA
Central,Béni Abbès,Tabelbala,1850 DA,1700 DA
Central,Béni Abbès,Tamtert,1850 DA,1500 DA
Central,Béni Abbès,Timoudi,1850 DA,1700 DA
Central,Chlef,Abou El Hassan,900 DA,900 DA
Central,Chlef,Aïn Merane,900 DA,1000 DA
Central,Chlef,Beni Bouateb,900 DA,1000 DA
Central,Chlef,Beni Haoua,900 DA,1000 DA
Central,Chlef,Beni Rached,900 DA,900 DA
Central,Chlef,Boukadir,900 DA,900 DA
Central,Chlef,Bouzeghaia,900 DA,900 DA
Central,Chlef,Breira,900 DA,1000 DA
Central,Chlef,Bénairia,900 DA,900 DA
Central,Chlef,Chettia,900 DA,800 DA
Central,Chlef,Chlef,900 DA,800 DA
Central,Chlef,Dahra,900 DA,1100 DA
Central,Chlef,El Hadjadj,900 DA,900 DA
Central,Chlef,El Karimia,900 DA,900 DA
Central,Chlef,El Marsa,900 DA,900 DA
Central,Chlef,Harchoun,900 DA,900 DA
Central,Chlef,Harenfa,900 DA,1000 DA
Central,Chlef,Labiod Medjadja,900 DA,800 DA
Central,Chlef,Moussadek,900 DA,1000 DA
Central,Chlef,Oued Fodda,900 DA,900 DA
Central,Chlef,Oued Goussine,900 DA,1000 DA
Central,Chlef,Oued Sly,900 DA,800 DA
Central,Chlef,Ouled Abbes,900 DA,900 DA
Central,Chlef,Ouled Ben Abdelkader,900 DA,900 DA
Central,Chlef,Ouled Fares,900 DA,800 DA
Central,Chlef,Oum Drou,900 DA,800 DA
Central,Chlef,Sendjas,900 DA,800 DA
Central,Chlef,Sidi Abderahmane,900 DA,1000 DA
Central,Chlef,Sidi Akkacha,900 DA,1000 DA
Central,Chlef,Sobha,900 DA,900 DA
Central,Chlef,Tadjena,900 DA,1000 DA
Central,Chlef,Talassa,900 DA,1000 DA
Central,Chlef,Taougrite,900 DA,1000 DA
Central,Chlef,Ténès,900 DA,1000 DA
Central,Chlef,Zeboudja,900 DA,900 DA
Central,Constantine,Aïn Abid,900 DA,1000 DA
Central,Constantine,Aïn Smara,900 DA,900 DA
Central,Constantine,Beni Hamiden,900 DA,900 DA
Central,Constantine,Constantine,900 DA,800 DA
Central,Constantine,Didouche Mourad,900 DA,900 DA
Central,Constantine,El Khroub,900 DA,800 DA
Central,Constantine,Hamma Bouziane,900 DA,900 DA
Central,Constantine,Ibn Badis,900 DA,900 DA
Central,Constantine,Ibn Ziad,900 DA,900 DA
Central,Constantine,Messaoud Boudjriou,900 DA,900 DA
Central,Constantine,Ouled Rahmoune,900 DA,900 DA
Central,Constantine,Zighoud Youcef,900 DA,900 DA
Central,Djanet,Bordj El Haouas,1850 DA,1600 DA
Central,Djanet,Djanet,1850 DA,1600 DA
Central,Djelfa,Amourah,1050 DA,950 DA
Central,Djelfa,Aïn Chouhada,1050 DA,950 DA
Central,Djelfa,Aïn El Ibel,1050 DA,1050 DA
Central,Djelfa,Aïn Feka,1050 DA,1150 DA
Central,Djelfa,Aïn Maabed,1050 DA,1050 DA
Central,Djelfa,Aïn Oussara,1050 DA,950 DA
Central,Djelfa,Benhar,1050 DA,950 DA
Central,Djelfa,Beni Yagoub,1050 DA,1150 DA
Central,Djelfa,Birine,1050 DA,1050 DA
Central,Djelfa,Bouira Lahdab,1050 DA,1150 DA
Central,Djelfa,Charef,1050 DA,1150 DA
Central,Djelfa,Dar Chioukh,1050 DA,1150 DA
Central,Djelfa,Deldoul,1050 DA,1250 DA
Central,Djelfa,Djelfa,1050 DA,950 DA
Central,Djelfa,Douis,1050 DA,1250 DA
Central,Djelfa,El Guedid,1050 DA,1250 DA
Central,Djelfa,El Idrissia,1050 DA,1250 DA
Central,Djelfa,El Khemis,1050 DA,1050 DA
Central,Djelfa,Faidh El Botma,1050 DA,950 DA
Central,Djelfa,Guernini,1050 DA,950 DA
Central,Djelfa,Guettara,1050 DA,950 DA
Central,Djelfa,Had Sahary,1050 DA,1150 DA
Central,Djelfa,Hassi Bahbah,1050 DA,1150 DA
Central,Djelfa,Hassi El Euch,1050 DA,1150 DA
Central,Djelfa,Hassi Fedoul,1050 DA,1150 DA
Central,Djelfa,M'Liliha,1050 DA,950 DA
Central,Djelfa,Messaad,1050 DA,1150 DA
Central,Djelfa,Moudjebara,1050 DA,1050 DA
Central,Djelfa,Oum Laadham,1050 DA,950 DA
Central,Djelfa,Sed Rahal,1050 DA,950 DA
Central,Djelfa,Selmana,1050 DA,1150 DA
Central,Djelfa,Sidi Baizid,1050 DA,950 DA
Central,Djelfa,Sidi Ladjel,1050 DA,1050 DA
Central,Djelfa,Tadmit,1050 DA,950 DA
Central,Djelfa,Zaafrane,1050 DA,950 DA
Central,Djelfa,Zaccar,1050 DA,1050 DA
Central,El Bayadh,Arbaouat,1850 DA,1700 DA
Central,El Bayadh,Aïn El Orak,1850 DA,1600 DA
Central,El Bayadh,Boualem,1850 DA,1600 DA
Central,El Bayadh,Bougtoub,1850 DA,1700 DA
Central,El Bayadh,Boussemghoun,1850 DA,1700 DA
Central,El Bayadh,Brezina,1850 DA,1700 DA
Central,El Bayadh,Cheguig,1850 DA,1400 DA
Central,El Bayadh,Chellala,1850 DA,1700 DA
Central,El Bayadh,El Abiodh Sidi Cheikh,1850 DA,1700 DA
Central,El Bayadh,El Bayadh,1850 DA,1400 DA
Central,El Bayadh,El Bnoud,1850 DA,1400 DA
Central,El Bayadh,El Kheiter,1850 DA,1700 DA
Central,El Bayadh,El Mehara,1850 DA,1700 DA
Central,El Bayadh,Ghassoul,1850 DA,1600 DA
Central,El Bayadh,Kef El Ahmar,1850 DA,1600 DA
Central,El Bayadh,Kraakda,1850 DA,1400 DA
Central,El Bayadh,Rogassa,1850 DA,1600 DA
Central,El Bayadh,Sidi Ameur,1850 DA,1400 DA
Central,El Bayadh,Sidi Slimane,1850 DA,1400 DA
Central,El Bayadh,Sidi Tifour,1850 DA,1600 DA
Central,El Bayadh,Stitten,1850 DA,1500 DA
Central,El Bayadh,Tousmouline,1850 DA,1400 DA
Central,El M'Ghair,Djamaa,1050 DA,1150 DA
Central,El M'Ghair,El M'Ghair,1050 DA,950 DA
Central,El M'Ghair,M'Rara,1050 DA,1150 DA
Central,El M'Ghair,Oum Touyour,1050 DA,1050 DA
Central,El M'Ghair,Sidi Amrane,1050 DA,950 DA
Central,El M'Ghair,Sidi Khellil,1050 DA,950 DA
Central,El M'Ghair,Still,1050 DA,1150 DA
Central,El M'Ghair,Tendla,1050 DA,1250 DA
Central,El Menia,El Menia,1050 DA,1250 DA
Central,El Menia,Hassi Fehal,1050 DA,1250 DA
Central,El Menia,Hassi Gara,1050 DA,950 DA
Central,El Oued,Bayadha,1050 DA,950 DA
Central,El Oued,Beni Guecha,1050 DA,1250 DA
Central,El Oued,Debila,1050 DA,1050 DA
Central,El Oued,Douar El Ma,1050 DA,1250 DA
Central,El Oued,El Ogla,1050 DA,1250 DA
Central,El Oued,El Oued,1050 DA,950 DA
Central,El Oued,Guemar,1050 DA,1050 DA
Central,El Oued,Hamraia,1050 DA,1250 DA
Central,El Oued,Hassani Abdelkrim,1050 DA,950 DA
Central,El Oued,Hassi Khalifa,1050 DA,1050 DA
Central,El Oued,Kouinine,1050 DA,950 DA
Central,El Oued,Magrane,1050 DA,1050 DA
Central,El Oued,Mih Ouansa,1050 DA,1050 DA
Central,El Oued,Nakhla,1050 DA,1050 DA
Central,El Oued,Oued El Alenda,1050 DA,1050 DA
Central,El Oued,Ourmas,1050 DA,950 DA
Central,El Oued,Reguiba,1050 DA,1050 DA
Central,El Oued,Robbah,1050 DA,950 DA
Central,El Oued,Sidi Aoun,1050 DA,1050 DA
Central,El Oued,Taghzout,1050 DA,950 DA
Central,El Oued,Taleb Larbi,1050 DA,1250 DA
Central,El Oued,Trifaoui,1050 DA,950 DA
Central,El Tarf,Ain Kerma,900 DA,900 DA
Central,El Tarf,Asfour,900 DA,1000 DA
Central,El Tarf,Aïn El Assel,900 DA,800 DA
Central,El Tarf,Ben Mehidi,900 DA,1000 DA
Central,El Tarf,Berrihane,900 DA,900 DA
Central,El Tarf,Besbes,900 DA,1000 DA
Central,El Tarf,Bougous,900 DA,900 DA
Central,El Tarf,Bouhadjar,900 DA,900 DA
Central,El Tarf,Bouteldja,900 DA,800 DA
Central,El Tarf,Chebaita Mokhtar,900 DA,1000 DA
Central,El Tarf,Chefia,900 DA,900 DA
Central,El Tarf,Chihani,900 DA,1000 DA
Central,El Tarf,Dréan,900 DA,1000 DA
Central,El Tarf,Echatt,900 DA,900 DA
Central,El Tarf,El Aioun,900 DA,900 DA
Central,El Tarf,El Kala,900 DA,900 DA
Central,El Tarf,El Tarf,900 DA,800 DA
Central,El Tarf,Hammam Beni Salah,900 DA,1000 DA
Central,El Tarf,Lac Des Oiseaux,900 DA,900 DA
Central,El Tarf,Oued Zitoun,900 DA,900 DA
Central,El Tarf,Raml Souk,900 DA,900 DA
Central,El Tarf,Souarekh,900 DA,900 DA
Central,El Tarf,Zerizer,900 DA,1000 DA
Central,El Tarf,Zitouna,900 DA,800 DA
Central,Ghardaïa,Berriane,1050 DA,1150 DA
Central,Ghardaïa,Bounoura,1050 DA,950 DA
Central,Ghardaïa,Dhayet Bendhahoua,1050 DA,950 DA
Central,Ghardaïa,El Atteuf,1050 DA,950 DA
Central,Ghardaïa,El Guerrara,1050 DA,1250 DA
Central,Ghardaïa,Ghardaïa,1050 DA,950 DA
Central,Ghardaïa,Mansoura,1050 DA,1150 DA
Central,Ghardaïa,Metlili,1050 DA,1150 DA
Central,Ghardaïa,Sebseb,1050 DA,1150 DA
Central,Ghardaïa,Zelfana,1050 DA,1150 DA
Central,Guelma,Aïn Ben Beida,900 DA,900 DA
Central,Guelma,Aïn Larbi,900 DA,800 DA
Central,Guelma,Aïn Makhlouf,900 DA,1000 DA
Central,Guelma,Aïn Reggada,900 DA,900 DA
Central,Guelma,Aïn Sandel,900 DA,900 DA
Central,Guelma,Belkheir,900 DA,800 DA
Central,Guelma,Ben Djerrah,900 DA,800 DA
Central,Guelma,Beni Mezline,900 DA,900 DA
Central,Guelma,Bordj Sabath,900 DA,1000 DA
Central,Guelma,Bouati Mahmoud,900 DA,900 DA
Central,Guelma,Bouchegouf,900 DA,900 DA
Central,Guelma,Bouhachana,900 DA,900 DA
Central,Guelma,Bouhamdane,900 DA,900 DA
Central,Guelma,Boumahra Ahmed,900 DA,800 DA
Central,Guelma,Dahouara,900 DA,1000 DA
Central,Guelma,Djeballah Khemissi,900 DA,800 DA
Central,Guelma,El Fedjoudj,900 DA,800 DA
Central,Guelma,Guellat Bou Sbaa,900 DA,800 DA
Central,Guelma,Guelma,900 DA,800 DA
Central,Guelma,Hammam Debagh,900 DA,900 DA
Central,Guelma,Hammam N'Bail,900 DA,900 DA
Central,Guelma,Houari Boumédiène,900 DA,900 DA
Central,Guelma,Héliopolis,900 DA,800 DA
Central,Guelma,Khezarra,900 DA,900 DA
Central,Guelma,Medjez Amar,900 DA,800 DA
Central,Guelma,Medjez Sfa,900 DA,1000 DA
Central,Guelma,Nechmaya,900 DA,900 DA
Central,Guelma,Oued Cheham,900 DA,1000 DA
Central,Guelma,Oued Fragha,900 DA,1000 DA
Central,Guelma,Oued Zenati,900 DA,900 DA
Central,Guelma,Ras El Agba,900 DA,900 DA
Central,Guelma,Roknia,900 DA,900 DA
Central,Guelma,Sellaoua Announa,900 DA,900 DA
Central,Guelma,Tamlouka,900 DA,1000 DA
Central,Illizi,Bordj Omar Driss,1850 DA,1600 DA
Central,Illizi,Debdeb,1850 DA,1600 DA
Central,Illizi,Illizi,1850 DA,1600 DA
Central,Illizi,In Amenas,1850 DA,1600 DA
Central,In Guezzam,In Guezzam,1850 DA,1600 DA
Central,In Guezzam,Tin Zaouatine,1850 DA,1600 DA
Central,In Salah,Foggaret Ezzaouia,1850 DA,1600 DA
Central,In Salah,In Ghar,1850 DA,1600 DA
Central,In Salah,In Salah,1850 DA,1600 DA
Central,Jijel,Bordj Tahar,700 DA,900 DA
Central,Jijel,Boucif Ouled Askeur,700 DA,800 DA
Central,Jijel,Boudriaa Ben Yadjis,700 DA,900 DA
Central,Jijel,Bouraoui Belhadef,700 DA,1000 DA
Central,Jijel,Chahna,700 DA,900 DA
Central,Jijel,Chekfa,700 DA,900 DA
Central,Jijel,Djemaa Beni Habibi,700 DA,1000 DA
Central,Jijel,Djimla,700 DA,1100 DA
Central,Jijel,El Ancer,700 DA,1000 DA
Central,Jijel,El Aouana,700 DA,900 DA
Central,Jijel,El Kennar Nouchfi,700 DA,900 DA
Central,Jijel,El Milia,700 DA,1000 DA
Central,Jijel,Emir Abdelkader,700 DA,800 DA
Central,Jijel,Eraguene,700 DA,800 DA
Central,Jijel,Ghebala,700 DA,1100 DA
Central,Jijel,Jijel,700 DA,800 DA
Central,Jijel,Kaous,700 DA,800 DA
Central,Jijel,Kheïri Oued Adjoul,700 DA,1000 DA
Central,Jijel,Ouadjana,700 DA,900 DA
Central,Jijel,Ouled Rabah,700 DA,800 DA
Central,Jijel,Ouled Yahia Khedrouche,700 DA,1000 DA
Central,Jijel,Selma Benziada,700 DA,800 DA
Central,Jijel,Settara,700 DA,1000 DA
Central,Jijel,Sidi Abdelaziz,700 DA,900 DA
Central,Jijel,Sidi Maarouf,700 DA,1000 DA
Central,Jijel,Taher,700 DA,900 DA
Central,Jijel,Texenna,700 DA,900 DA
Central,Jijel,Ziama Mansouriah,700 DA,1000 DA
Central,Khenchela,Aïn Touila,900 DA,900 DA
Central,Khenchela,Babar,900 DA,900 DA
Central,Khenchela,Baghai,900 DA,800 DA
Central,Khenchela,Bouhmama,900 DA,1000 DA
Central,Khenchela,Chechar,900 DA,1000 DA
Central,Khenchela,Chelia,900 DA,1000 DA
Central,Khenchela,Djellal,900 DA,800 DA
Central,Khenchela,El Hamma,900 DA,800 DA
Central,Khenchela,El Mahmal,900 DA,800 DA
Central,Khenchela,El Oueldja,900 DA,1100 DA
Central,Khenchela,Ensigha,900 DA,800 DA
Central,Khenchela,Kais,900 DA,900 DA
Central,Khenchela,Khenchela,900 DA,800 DA
Central,Khenchela,Khirane,900 DA,800 DA
Central,Khenchela,M'Sara,900 DA,1000 DA
Central,Khenchela,M'Toussa,900 DA,900 DA
Central,Khenchela,Ouled Rechache,900 DA,900 DA
Central,Khenchela,Remila,900 DA,900 DA
Central,Khenchela,Tamza,900 DA,900 DA
Central,Khenchela,Taouzient,900 DA,900 DA
Central,Khenchela,Yabous,900 DA,1000 DA
Central,Laghouat,Aflou,1050 DA,1250 DA
Central,Laghouat,Aïn Madhi,1050 DA,1150 DA
Central,Laghouat,Aïn Sidi Ali,1050 DA,950 DA
Central,Laghouat,Beidha,1050 DA,950 DA
Central,Laghouat,Bennasser Benchohra,1050 DA,1050 DA
Central,Laghouat,Brida,1050 DA,950 DA
Central,Laghouat,El Assafia,1050 DA,1250 DA
Central,Laghouat,El Ghicha,1050 DA,1250 DA
Central,Laghouat,El Houaita,1050 DA,1150 DA
Central,Laghouat,Gueltat Sidi Saad,1050 DA,1250 DA
Central,Laghouat,Hadj Mechri,1050 DA,950 DA
Central,Laghouat,Hassi Delaa,1050 DA,1250 DA
Central,Laghouat,Hassi R'Mel,1050 DA,1250 DA
Central,Laghouat,Kheneg,1050 DA,950 DA
Central,Laghouat,Ksar El Hirane,1050 DA,1050 DA
Central,Laghouat,Laghouat,1050 DA,950 DA
Central,Laghouat,Oued M'Zi,1050 DA,1250 DA
Central,Laghouat,Oued Morra,1050 DA,950 DA
Central,Laghouat,Sebgag,1050 DA,950 DA
Central,Laghouat,Sidi Bouzid,1050 DA,950 DA
Central,Laghouat,Sidi Makhlouf,1050 DA,1150 DA
Central,Laghouat,Tadjemout,1050 DA,1150 DA
Central,Laghouat,Tadjrouna,1050 DA,950 DA
Central,Laghouat,Taouiala,1050 DA,950 DA
Central,M'Sila,Aïn El Hadjel,700 DA,1000 DA
Central,M'Sila,Aïn El Melh,700 DA,1100 DA
Central,M'Sila,Aïn Errich,700 DA,1100 DA
Central,M'Sila,Aïn Fares,700 DA,800 DA
Central,M'Sila,Aïn Khadra,700 DA,1000 DA
Central,M'Sila,Belaiba,700 DA,1000 DA
Central,M'Sila,Ben Srour,700 DA,1100 DA
Central,M'Sila,Beni Ilmane,700 DA,1000 DA
Central,M'Sila,Benzouh,700 DA,1000 DA
Central,M'Sila,Berhoum,700 DA,1000 DA
Central,M'Sila,Bir Foda,700 DA,1100 DA
Central,M'Sila,Bou Saâda,700 DA,1000 DA
Central,M'Sila,Bouti Sayah,700 DA,1100 DA
Central,M'Sila,Chellal,700 DA,900 DA
Central,M'Sila,Dehahna,700 DA,1000 DA
Central,M'Sila,Djebel Messaad,700 DA,1000 DA
Central,M'Sila,El Hamel,700 DA,1100 DA
Central,M'Sila,El Houamed,700 DA,1000 DA
Central,M'Sila,Hammam Dhalaa,700 DA,900 DA
Central,M'Sila,Khettouti Sed El Djir,700 DA,1000 DA
Central,M'Sila,Khoubana,700 DA,1000 DA
Central,M'Sila,M'Cif,700 DA,1100 DA
Central,M'Sila,M'Sila,700 DA,800 DA
Central,M'Sila,M'Tarfa,700 DA,800 DA
Central,M'Sila,Maadid,700 DA,900 DA
Central,M'Sila,Maarif,700 DA,900 DA
Central,M'Sila,Magra,700 DA,1000 DA
Central,M'Sila,Medjedel,700 DA,1100 DA
Central,M'Sila,Mohammed Boudiaf,700 DA,1100 DA
Central,M'Sila,Ouanougha,700 DA,1000 DA
Central,M'Sila,Ouled Addi Guebala,700 DA,900 DA
Central,M'Sila,Ouled Atia,700 DA,1100 DA
Central,M'Sila,Ouled Derradj,700 DA,900 DA
Central,M'Sila,Ouled Madhi,700 DA,900 DA
Central,M'Sila,Ouled Mansour,700 DA,900 DA
Central,M'Sila,Ouled Sidi Brahim,700 DA,1000 DA
Central,M'Sila,Ouled Slimane,700 DA,1100 DA
Central,M'Sila,Oultem,700 DA,1000 DA
Central,M'Sila,Sidi Ameur,700 DA,1000 DA
Central,M'Sila,Sidi Aïssa,700 DA,1100 DA
Central,M'Sila,Sidi Hadjeres,700 DA,1000 DA
Central,M'Sila,Sidi Mhamed,700 DA,800 DA
Central,M'Sila,Slim,700 DA,1100 DA
Central,M'Sila,Souamaa,700 DA,900 DA
Central,M'Sila,Tamsa,700 DA,1100 DA
Central,M'Sila,Tarmount,700 DA,900 DA
Central,M'Sila,Zarzour,700 DA,1100 DA
Central,Mascara,Ain Fares,900 DA,1000 DA
Central,Mascara,Alaïmia,900 DA,1000 DA
Central,Mascara,Aouf,900 DA,900 DA
Central,Mascara,Aïn Fekan,900 DA,900 DA
Central,Mascara,Aïn Ferah,900 DA,1000 DA
Central,Mascara,Aïn Fras,900 DA,800 DA
Central,Mascara,Beniane,900 DA,1000 DA
Central,Mascara,Bou Hanifia,900 DA,900 DA
Central,Mascara,Bou Henni,900 DA,1000 DA
Central,Mascara,Chorfa,900 DA,1000 DA
Central,Mascara,El Bordj,900 DA,900 DA
Central,Mascara,El Gaada,900 DA,1000 DA
Central,Mascara,El Ghomri,900 DA,1000 DA
Central,Mascara,El Guettana,900 DA,900 DA
Central,Mascara,El Keurt,900 DA,800 DA
Central,Mascara,El Menaouer,900 DA,900 DA
Central,Mascara,Ferraguig,900 DA,900 DA
Central,Mascara,Froha,900 DA,800 DA
Central,Mascara,Gharrous,900 DA,1000 DA
Central,Mascara,Ghriss,900 DA,900 DA
Central,Mascara,Guerdjoum,900 DA,900 DA
Central,Mascara,Hachem,900 DA,900 DA
Central,Mascara,Hacine,900 DA,900 DA
Central,Mascara,Khalouia,900 DA,900 DA
Central,Mascara,Makdha,900 DA,900 DA
Central,Mascara,Mamounia,900 DA,800 DA
Central,Mascara,Maoussa,900 DA,800 DA
Central,Mascara,Mascara,900 DA,800 DA
Central,Mascara,Matemore,900 DA,800 DA
Central,Mascara,Mocta Douz,900 DA,1000 DA
Central,Mascara,Mohammadia,900 DA,800 DA
Central,Mascara,Nesmoth,900 DA,900 DA
Central,Mascara,Oggaz,900 DA,900 DA
Central,Mascara,Oued El Abtal,900 DA,1000 DA
Central,Mascara,Oued Taria,900 DA,900 DA
Central,Mascara,Ras El Aïn Amirouche,900 DA,1000 DA
Central,Mascara,Sedjerara,900 DA,1000 DA
Central,Mascara,Sehailia,900 DA,900 DA
Central,Mascara,Sidi Abdeldjebar,900 DA,900 DA
Central,Mascara,Sidi Abdelmoumen,900 DA,1000 DA
Central,Mascara,Sidi Boussaid,900 DA,900 DA
Central,Mascara,Sidi Kada,900 DA,900 DA
Central,Mascara,Sig,900 DA,1000 DA
Central,Mascara,Tighennif,900 DA,900 DA
Central,Mascara,Tizi,900 DA,800 DA
Central,Mascara,Zahana,900 DA,1000 DA
Central,Mascara,Zelmata,900 DA,1000 DA
Central,Mila,Ahmed Rachedi,700 DA,900 DA
Central,Mila,Amira Arrès,700 DA,900 DA
Central,Mila,Aïn Beida Harriche,700 DA,900 DA
Central,Mila,Aïn Mellouk,700 DA,900 DA
Central,Mila,Aïn Tine,700 DA,800 DA
Central,Mila,Benyahia Abderrahmane,700 DA,900 DA
Central,Mila,Bouhatem,700 DA,900 DA
Central,Mila,Chelghoum Laid,700 DA,1000 DA
Central,Mila,Chigara,700 DA,800 DA
Central,Mila,Derradji Bousselah,700 DA,800 DA
Central,Mila,El Mechira,700 DA,900 DA
Central,Mila,Elayadi Barbes,700 DA,800 DA
Central,Mila,Ferdjioua,700 DA,900 DA
Central,Mila,Grarem Gouga,700 DA,800 DA
Central,Mila,Hamala,700 DA,900 DA
Central,Mila,Mila,700 DA,800 DA
Central,Mila,Minar Zarza,700 DA,800 DA
Central,Mila,Oued Athmania,700 DA,900 DA
Central,Mila,Oued Endja,700 DA,900 DA
Central,Mila,Oued Seguen,700 DA,900 DA
Central,Mila,Ouled Khalouf,700 DA,900 DA
Central,Mila,Rouached,700 DA,900 DA
Central,Mila,Sidi Khelifa,700 DA,900 DA
Central,Mila,Sidi Merouane,700 DA,800 DA
Central,Mila,Tadjenanet,700 DA,900 DA
Central,Mila,Tassadane Haddada,700 DA,800 DA
Central,Mila,Teleghma,700 DA,900 DA
Central,Mila,Terrai Bainen,700 DA,800 DA
Central,Mila,Tessala Lemtaï,700 DA,800 DA
Central,Mila,Tiberguent,700 DA,800 DA
Central,Mila,Yahia Beni Guecha,700 DA,900 DA
Central,Mila,Zeghaia,700 DA,800 DA
Central,Mostaganem,Abdelmalek Ramdane,900 DA,900 DA
Central,Mostaganem,Achaacha,900 DA,1000 DA
Central,Mostaganem,Aïn Boudinar,900 DA,800 DA
Central,Mostaganem,Aïn Nouissy,900 DA,900 DA
Central,Mostaganem,Aïn Sidi Cherif,900 DA,900 DA
Central,Mostaganem,Aïn Tedles,900 DA,900 DA
Central,Mostaganem,Blad Touahria,900 DA,800 DA
Central,Mostaganem,Bouguirat,900 DA,900 DA
Central,Mostaganem,El Hassaine,900 DA,800 DA
Central,Mostaganem,Fornaka,900 DA,900 DA
Central,Mostaganem,Hadjadj,900 DA,900 DA
Central,Mostaganem,Hassi Mameche,900 DA,800 DA
Central,Mostaganem,Khadra,900 DA,1000 DA
Central,Mostaganem,Kheiredine,900 DA,800 DA
Central,Mostaganem,Mansourah,900 DA,800 DA
Central,Mostaganem,Mazagran,900 DA,800 DA
Central,Mostaganem,Mesra,900 DA,800 DA
Central,Mostaganem,Mostaganem,900 DA,800 DA
Central,Mostaganem,Nekmaria,900 DA,1000 DA
Central,Mostaganem,Oued El Kheir,900 DA,900 DA
Central,Mostaganem,Ouled Boughalem,900 DA,1100 DA
Central,Mostaganem,Ouled Maallah,900 DA,800 DA
Central,Mostaganem,Safsaf,900 DA,800 DA
Central,Mostaganem,Sayada,900 DA,800 DA
Central,Mostaganem,Sidi Ali,900 DA,900 DA
Central,Mostaganem,Sidi Belattar,900 DA,800 DA
Central,Mostaganem,Sidi Lakhdar,900 DA,1000 DA
Central,Mostaganem,Sirat,900 DA,900 DA
Central,Mostaganem,Souaflia,900 DA,900 DA
Central,Mostaganem,Sour,900 DA,900 DA
Central,Mostaganem,Stidia,900 DA,900 DA
Central,Mostaganem,Tazgait,900 DA,800 DA
Central,Médéa,Aissaouia,900 DA,1000 DA
Central,Médéa,Aziz,900 DA,1100 DA
Central,Médéa,Aïn Boucif,900 DA,1000 DA
Central,Médéa,Aïn Ouksir,900 DA,800 DA
Central,Médéa,Baata,900 DA,1000 DA
Central,Médéa,Benchicao,900 DA,900 DA
Central,Médéa,Beni Slimane,900 DA,1000 DA
Central,Médéa,Berrouaghia,900 DA,900 DA
Central,Médéa,Bir Ben Laabed,900 DA,1000 DA
Central,Médéa,Boghar,900 DA,1000 DA
Central,Médéa,Bou Aiche,900 DA,1100 DA
Central,Médéa,Bouaichoune,900 DA,900 DA
Central,Médéa,Bouchrahil,900 DA,900 DA
Central,Médéa,Boughezoul,900 DA,1100 DA
Central,Médéa,Bouskene,900 DA,1000 DA
Central,Médéa,Chahbounia,900 DA,1100 DA
Central,Médéa,Chellalet El Adhaoura,900 DA,1100 DA
Central,Médéa,Cheniguel,900 DA,800 DA
Central,Médéa,Derrag,900 DA,1100 DA
Central,Médéa,Deux Bassins,900 DA,1100 DA
Central,Médéa,Djouab,900 DA,1100 DA
Central,Médéa,Draa Essamar,900 DA,800 DA
Central,Médéa,El Azizia,900 DA,1100 DA
Central,Médéa,El Guelb El Kebir,900 DA,1000 DA
Central,Médéa,El Hamdania,900 DA,900 DA
Central,Médéa,El Omaria,900 DA,900 DA
Central,Médéa,El Ouinet,900 DA,1000 DA
Central,Médéa,Hannacha,900 DA,900 DA
Central,Médéa,Kef Lakhdar,900 DA,1100 DA
Central,Médéa,Khams Djouamaa,900 DA,1000 DA
Central,Médéa,Ksar Boukhari,900 DA,1000 DA
Central,Médéa,Meftaha,900 DA,1000 DA
Central,Médéa,Meghraoua,900 DA,1100 DA
Central,Médéa,Mezerana,900 DA,1100 DA
Central,Médéa,Mihoub,900 DA,1100 DA
Central,Médéa,Moudjbar,900 DA,1000 DA
Central,Médéa,Médéa,900 DA,800 DA
Central,Médéa,Ouamri,900 DA,900 DA
Central,Médéa,Oued Harbil,900 DA,900 DA
Central,Médéa,Ouled Antar,900 DA,1100 DA
Central,Médéa,Ouled Bouachra,900 DA,900 DA
Central,Médéa,Ouled Brahim,900 DA,1100 DA
Central,Médéa,Ouled Deide,900 DA,900 DA
Central,Médéa,Ouled Hellal,900 DA,1100 DA
Central,Médéa,Ouled Maaref,900 DA,1000 DA
Central,Médéa,Oum El Djalil,900 DA,1100 DA
Central,Médéa,Ouzera,900 DA,800 DA
Central,Médéa,Rebaia,900 DA,1000 DA
Central,Médéa,Saneg,900 DA,1100 DA
Central,Médéa,Sedraia,900 DA,1100 DA
Central,Médéa,Seghouane,900 DA,1000 DA
Central,Médéa,Si Mahdjoub,900 DA,900 DA
Central,Médéa,Sidi Damed,900 DA,1100 DA
Central,Médéa,Sidi Errabia,900 DA,1000 DA
Central,Médéa,Sidi Naamane,900 DA,900 DA
Central,Médéa,Sidi Zahar,900 DA,1000 DA
Central,Médéa,Sidi Ziane,900 DA,1000 DA
Central,Médéa,Souagui,900 DA,1000 DA
Central,Médéa,Tablat,900 DA,1100 DA
Central,Médéa,Tafraout,900 DA,1100 DA
Central,Médéa,Tamesguida,900 DA,800 DA
Central,Médéa,Tizi Mahdi,900 DA,900 DA
Central,Médéa,Tlatet Eddouar,900 DA,900 DA
Central,Médéa,Zoubiria,900 DA,900 DA
Central,Naâma,Assela,1850 DA,1600 DA
Central,Naâma,Aïn Ben Khelil,1850 DA,1600 DA
Central,Naâma,Aïn Sefra,1850 DA,1600 DA
Central,Naâma,Djeniene Bourezg,1850 DA,1700 DA
Central,Naâma,El Biod,1850 DA,1600 DA
Central,Naâma,Kasdir,1850 DA,1400 DA
Central,Naâma,Makman Ben Amer,1850 DA,1600 DA
Central,Naâma,Mecheria,1850 DA,1500 DA
Central,Naâma,Moghrar,1850 DA,1700 DA
Central,Naâma,Naâma,1850 DA,1400 DA
Central,Naâma,Sfissifa,1850 DA,1700 DA
Central,Naâma,Tiout,1850 DA,1700 DA
Central,Oran,Ain Turk,1050 DA,900 DA
Central,Oran,Arzew,1050 DA,900 DA
Central,Oran,Aïn El Bia,1050 DA,800 DA
Central,Oran,Aïn El Kerma,1050 DA,900 DA
Central,Oran,Ben Freha,1050 DA,900 DA
Central,Oran,Bethioua,1050 DA,900 DA
Central,Oran,Bir El Djir,1050 DA,800 DA
Central,Oran,Bou Sfer,1050 DA,900 DA
Central,Oran,Boufatis,1050 DA,900 DA
Central,Oran,Boutlelis,1050 DA,900 DA
Central,Oran,El Ançor,1050 DA,900 DA
Central,Oran,El Braya,1050 DA,800 DA
Central,Oran,El Kerma,1050 DA,800 DA
Central,Oran,Es Senia,1050 DA,800 DA
Central,Oran,Gdyel,1050 DA,800 DA
Central,Oran,Hassi Ben Okba,1050 DA,800 DA
Central,Oran,Hassi Bounif,1050 DA,800 DA
Central,Oran,Hassi Mefsoukh,1050 DA,900 DA
Central,Oran,Marsat El Hadjadj,1050 DA,1000 DA
Central,Oran,Mers El Kébir,1050 DA,900 DA
Central,Oran,Misserghin,1050 DA,800 DA
Central,Oran,Oran,1050 DA,800 DA
Central,Oran,Oued Tlelat,1050 DA,900 DA
Central,Oran,Sidi Benyebka,1050 DA,900 DA
Central,Oran,Sidi Chami,1050 DA,800 DA
Central,Oran,Tafraoui,1050 DA,900 DA
Central,Ouargla,Ain Beida,1050 DA,1050 DA
Central,Ouargla,Hassi Ben Abdellah,1050 DA,1150 DA
Central,Ouargla,Hassi Messaoud,1050 DA,950 DA
Central,Ouargla,N'Goussa,1050 DA,1050 DA
Central,Ouargla,Ouargla,1050 DA,950 DA
Central,Ouargla,Rouissat,1050 DA,950 DA
Central,Ouargla,Sidi Khouiled,1050 DA,950 DA
Central,Ouled Djellal,Besbes,1050 DA,1150 DA
Central,Ouled Djellal,Doucen,1050 DA,1050 DA
Central,Ouled Djellal,Ech Chaïba,1050 DA,1150 DA
Central,Ouled Djellal,Ouled Djellal,1050 DA,950 DA
Central,Ouled Djellal,Ras El Miaad,1050 DA,950 DA
Central,Ouled Djellal,Sidi Khaled,1050 DA,1050 DA
Central,Oum El Bouaghi,Aïn Babouche,900 DA,800 DA
Central,Oum El Bouaghi,Aïn Beïda,900 DA,900 DA
Central,Oum El Bouaghi,Aïn Diss,900 DA,900 DA
Central,Oum El Bouaghi,Aïn Fakroun,900 DA,900 DA
Central,Oum El Bouaghi,Aïn Kercha,900 DA,900 DA
Central,Oum El Bouaghi,Aïn M'lila,900 DA,1000 DA
Central,Oum El Bouaghi,Aïn Zitoun,900 DA,900 DA
Central,Oum El Bouaghi,Behir Chergui,900 DA,1000 DA
Central,Oum El Bouaghi,Berriche,900 DA,900 DA
Central,Oum El Bouaghi,Bir Chouhada,900 DA,900 DA
Central,Oum El Bouaghi,Dhalaa,900 DA,1000 DA
Central,Oum El Bouaghi,El Amiria,900 DA,900 DA
Central,Oum El Bouaghi,El Belala,900 DA,1100 DA
Central,Oum El Bouaghi,El Djazia,900 DA,1000 DA
Central,Oum El Bouaghi,El Fedjoudj Boughrara Saoudi,900 DA,1000 DA
Central,Oum El Bouaghi,El Harmilia,900 DA,800 DA
Central,Oum El Bouaghi,Fkirina,900 DA,900 DA
Central,Oum El Bouaghi,Hanchir Toumghani,900 DA,900 DA
Central,Oum El Bouaghi,Ksar Sbahi,900 DA,900 DA
Central,Oum El Bouaghi,Meskiana,900 DA,1000 DA
Central,Oum El Bouaghi,Oued Nini,900 DA,1000 DA
Central,Oum El Bouaghi,Ouled Gacem,900 DA,800 DA
Central,Oum El Bouaghi,Ouled Hamla,900 DA,800 DA
Central,Oum El Bouaghi,Ouled Zouaï,900 DA,900 DA
Central,Oum El Bouaghi,Oum El Bouaghi,900 DA,800 DA
Central,Oum El Bouaghi,Rahia,900 DA,1000 DA
Central,Oum El Bouaghi,Sigus,900 DA,900 DA
Central,Oum El Bouaghi,Souk Naamane,900 DA,900 DA
Central,Oum El Bouaghi,Zorg,900 DA,1000 DA
Central,Relizane,Ammi Moussa,900 DA,1000 DA
Central,Relizane,Aïn Rahma,900 DA,900 DA
Central,Relizane,Aïn Tarek,900 DA,1000 DA
Central,Relizane,Belassel Bouzegza,900 DA,800 DA
Central,Relizane,Bendaoud,900 DA,800 DA
Central,Relizane,Beni Dergoun,900 DA,900 DA
Central,Relizane,Beni Zentis,900 DA,1000 DA
Central,Relizane,Dar Ben Abdellah,900 DA,900 DA
Central,Relizane,Djidioua,900 DA,900 DA
Central,Relizane,El Guettar,900 DA,1000 DA
Central,Relizane,El Hamadna,900 DA,900 DA
Central,Relizane,El Hassi,900 DA,1000 DA
Central,Relizane,El Matmar,900 DA,800 DA
Central,Relizane,El Ouldja,900 DA,900 DA
Central,Relizane,Had Echkalla,900 DA,1100 DA
Central,Relizane,Hamri,900 DA,900 DA
Central,Relizane,Kalaa,900 DA,900 DA
Central,Relizane,Lahlef,900 DA,1000 DA
Central,Relizane,Mazouna,900 DA,1000 DA
Central,Relizane,Mediouna,900 DA,1000 DA
Central,Relizane,Mendes,900 DA,900 DA
Central,Relizane,Merdja Sidi Abed,900 DA,1000 DA
Central,Relizane,Ouarizane,900 DA,1000 DA
Central,Relizane,Oued El Djemaa,900 DA,800 DA
Central,Relizane,Oued Essalem,900 DA,1000 DA
Central,Relizane,Oued Rhiou,900 DA,1000 DA
Central,Relizane,Ouled Aiche,900 DA,1000 DA
Central,Relizane,Ouled Sidi Mihoub,900 DA,900 DA
Central,Relizane,Ramka,900 DA,1100 DA
Central,Relizane,Relizane,900 DA,800 DA
Central,Relizane,Sidi Khettab,900 DA,900 DA
Central,Relizane,Sidi Lazreg,900 DA,900 DA
Central,Relizane,Sidi M'Hamed Ben Ali,900 DA,800 DA
Central,Relizane,Sidi M'Hamed Benaouda,900 DA,1000 DA
Central,Relizane,Sidi Saada,900 DA,900 DA
Central,Relizane,Souk El Had,900 DA,800 DA
Central,Relizane,Yellel,900 DA,900 DA
Central,Relizane,Zemmora,900 DA,900 DA
Central,Saïda,Ain El Hadjar,900 DA,800 DA
Central,Saïda,Aïn Sekhouna,900 DA,800 DA
Central,Saïda,Aïn Soltane,900 DA,800 DA
Central,Saïda,Doui Thabet,900 DA,900 DA
Central,Saïda,El Hassasna,900 DA,900 DA
Central,Saïda,Hounet,900 DA,800 DA
Central,Saïda,Maamora,900 DA,1000 DA
Central,Saïda,Moulay Larbi,900 DA,900 DA
Central,Saïda,Ouled Brahim,900 DA,1100 DA
Central,Saïda,Ouled Khaled,900 DA,800 DA
Central,Saïda,Saïda,900 DA,800 DA
Central,Saïda,Sidi Ahmed,900 DA,900 DA
Central,Saïda,Sidi Amar,900 DA,800 DA
Central,Saïda,Sidi Boubekeur,900 DA,900 DA
Central,Saïda,Tircine,900 DA,1000 DA
Central,Saïda,Youb,900 DA,1000 DA
Central,Sidi Bel Abbès,Amarnas,900 DA,900 DA
Central,Sidi Bel Abbès,Aïn Adden,900 DA,1000 DA
Central,Sidi Bel Abbès,Aïn El Berd,900 DA,900 DA
Central,Sidi Bel Abbès,Aïn Kada,900 DA,900 DA
Central,Sidi Bel Abbès,Aïn Thrid,900 DA,800 DA
Central,Sidi Bel Abbès,Aïn Tindamine,900 DA,1000 DA
Central,Sidi Bel Abbès,Badredine El Mokrani,900 DA,900 DA
Central,Sidi Bel Abbès,Belarbi,900 DA,900 DA
Central,Sidi Bel Abbès,Ben Badis,900 DA,1000 DA
Central,Sidi Bel Abbès,Benachiba Chelia,900 DA,900 DA
Central,Sidi Bel Abbès,Bir El Hammam,900 DA,1100 DA
Central,Sidi Bel Abbès,Boudjebaa El Bordj,900 DA,900 DA
Central,Sidi Bel Abbès,Boukhanafis,900 DA,900 DA
Central,Sidi Bel Abbès,Chettouane Belaila,900 DA,1000 DA
Central,Sidi Bel Abbès,Dhaya,900 DA,1000 DA
Central,Sidi Bel Abbès,El Haçaiba,900 DA,1000 DA
Central,Sidi Bel Abbès,Hassi Dahou,900 DA,900 DA
Central,Sidi Bel Abbès,Hassi Zehana,900 DA,900 DA
Central,Sidi Bel Abbès,Lamtar,900 DA,900 DA
Central,Sidi Bel Abbès,M'Cid,900 DA,1000 DA
Central,Sidi Bel Abbès,Makedra,900 DA,900 DA
Central,Sidi Bel Abbès,Marhoum,900 DA,1100 DA
Central,Sidi Bel Abbès,Merine,900 DA,1000 DA
Central,Sidi Bel Abbès,Mezaourou,900 DA,1000 DA
Central,Sidi Bel Abbès,Mostefa Ben Brahim,900 DA,900 DA
Central,Sidi Bel Abbès,Moulay Slissen,900 DA,1000 DA
Central,Sidi Bel Abbès,Oued Sebaa,900 DA,1100 DA
Central,Sidi Bel Abbès,Oued Sefioun,900 DA,900 DA
Central,Sidi Bel Abbès,Oued Taourira,900 DA,1000 DA
Central,Sidi Bel Abbès,Ras El Ma,900 DA,1100 DA
Central,Sidi Bel Abbès,Redjem Demouche,900 DA,1100 DA
Central,Sidi Bel Abbès,Sehala Thaoura,900 DA,900 DA
Central,Sidi Bel Abbès,Sfisef,900 DA,1000 DA
Central,Sidi Bel Abbès,Sidi Ali Benyoub,900 DA,900 DA
Central,Sidi Bel Abbès,Sidi Ali Boussidi,900 DA,900 DA
Central,Sidi Bel Abbès,Sidi Bel Abbes,900 DA,800 DA
Central,Sidi Bel Abbès,Sidi Brahim,900 DA,800 DA
Central,Sidi Bel Abbès,Sidi Chaib,900 DA,1100 DA
Central,Sidi Bel Abbès,Sidi Daho des Zairs,900 DA,900 DA
Central,Sidi Bel Abbès,Sidi Hamadouche,900 DA,800 DA
Central,Sidi Bel Abbès,Sidi Khaled,900 DA,900 DA
Central,Sidi Bel Abbès,Sidi Lahcene,900 DA,800 DA
Central,Sidi Bel Abbès,Sidi Yacoub,900 DA,900 DA
Central,Sidi Bel Abbès,Tabia,900 DA,900 DA
Central,Sidi Bel Abbès,Tafissour,900 DA,1100 DA
Central,Sidi Bel Abbès,Taoudmout,900 DA,1100 DA
Central,Sidi Bel Abbès,Teghalimet,900 DA,1000 DA
Central,Sidi Bel Abbès,Telagh,900 DA,1000 DA
Central,Sidi Bel Abbès,Tenira,900 DA,1100 DA
Central,Sidi Bel Abbès,Tessala,900 DA,900 DA
Central,Sidi Bel Abbès,Tilmouni,900 DA,800 DA
Central,Sidi Bel Abbès,Zerouala,900 DA,800 DA
Central,Skikda,Azzaba,900 DA,900 DA
Central,Skikda,Aïn Bouziane,900 DA,1000 DA
Central,Skikda,Aïn Charchar,900 DA,1000 DA
Central,Skikda,Aïn Kechra,900 DA,1000 DA
Central,Skikda,Aïn Zouit,900 DA,900 DA
Central,Skikda,Bekkouche Lakhdar,900 DA,1000 DA
Central,Skikda,Ben Azzouz,900 DA,1000 DA
Central,Skikda,Beni Bechir,900 DA,800 DA
Central,Skikda,Beni Oulbane,900 DA,1000 DA
Central,Skikda,Beni Zid,900 DA,1000 DA
Central,Skikda,Bin El Ouiden,900 DA,1000 DA
Central,Skikda,Bouchtata,900 DA,900 DA
Central,Skikda,Cheraia,900 DA,1000 DA
Central,Skikda,Collo,900 DA,1000 DA
Central,Skikda,Djendel Saadi Mohamed,900 DA,900 DA
Central,Skikda,El Ghedir,900 DA,900 DA
Central,Skikda,El Hadaiek,900 DA,800 DA
Central,Skikda,El Harrouch,900 DA,900 DA
Central,Skikda,El Marsa,900 DA,800 DA
Central,Skikda,Emdjez Edchich,900 DA,900 DA
Central,Skikda,Es Sebt,900 DA,1000 DA
Central,Skikda,Filfila,900 DA,900 DA
Central,Skikda,Hamadi Krouma,900 DA,800 DA
Central,Skikda,Kanoua,900 DA,1100 DA
Central,Skikda,Kerkera,900 DA,1000 DA
Central,Skikda,Kheneg Mayoum,900 DA,1100 DA
Central,Skikda,Oued Zehour,900 DA,1100 DA
Central,Skikda,Ouldja Boulballout,900 DA,1000 DA
Central,Skikda,Ouled Attia,900 DA,1100 DA
Central,Skikda,Ouled Hbaba,900 DA,800 DA
Central,Skikda,Oum Toub,900 DA,1000 DA
Central,Skikda,Ramdane Djamel,900 DA,800 DA
Central,Skikda,Salah Bouchaour,900 DA,900 DA
Central,Skikda,Sidi Mezghiche,900 DA,900 DA
Central,Skikda,Skikda,900 DA,800 DA
Central,Skikda,Tamalous,900 DA,1000 DA
Central,Skikda,Zerdaza,900 DA,900 DA
Central,Skikda,Zitouna,900 DA,800 DA
Central,Souk Ahras,Ain Soltane,900 DA,800 DA
Central,Souk Ahras,Aïn Zana,900 DA,900 DA
Central,Souk Ahras,Bir Bou Haouch,900 DA,1000 DA
Central,Souk Ahras,Drea,900 DA,1000 DA
Central,Souk Ahras,Hanancha,900 DA,900 DA
Central,Souk Ahras,Heddada,900 DA,1000 DA
Central,Souk Ahras,Khedara,900 DA,1000 DA
Central,Souk Ahras,Khemissa,900 DA,900 DA
Central,Souk Ahras,M'daourouch,900 DA,1000 DA
Central,Souk Ahras,Mechroha,900 DA,900 DA
Central,Souk Ahras,Merahna,900 DA,900 DA
Central,Souk Ahras,Oued Keberit,900 DA,800 DA
Central,Souk Ahras,Ouillen,900 DA,900 DA
Central,Souk Ahras,Ouled Driss,900 DA,900 DA
Central,Souk Ahras,Ouled Moumene,900 DA,800 DA
Central,Souk Ahras,Oum El Adhaim,900 DA,800 DA
Central,Souk Ahras,Ragouba,900 DA,900 DA
Central,Souk Ahras,Safel El Ouiden,900 DA,800 DA
Central,Souk Ahras,Sedrata,900 DA,900 DA
Central,Souk Ahras,Sidi Fredj,900 DA,900 DA
Central,Souk Ahras,Souk Ahras,900 DA,800 DA
Central,Souk Ahras,Taoura,900 DA,900 DA
Central,Souk Ahras,Terraguelt,900 DA,800 DA
Central,Souk Ahras,Tiffech,900 DA,900 DA
Central,Souk Ahras,Zaarouria,900 DA,900 DA
Central,Souk Ahras,Zouabi,900 DA,1000 DA
Central,Sétif,Amoucha,0.00 DA,900 DA
Central,Sétif,Aïn Abessa,0.00 DA,900 DA
Central,Sétif,Aïn Arnat,0.00 DA,800 DA
Central,Sétif,Aïn Azel,0.00 DA,1000 DA
Central,Sétif,Aïn El Kebira,0.00 DA,900 DA
Central,Sétif,Aïn Lahdjar,0.00 DA,900 DA
Central,Sétif,Aïn Legradj,0.00 DA,1000 DA
Central,Sétif,Aïn Oulmene,0.00 DA,900 DA
Central,Sétif,Aïn Roua,0.00 DA,900 DA
Central,Sétif,Aïn Sebt,0.00 DA,1000 DA
Central,Sétif,Aït Naoual Mezada,0.00 DA,1000 DA
Central,Sétif,Aït Tizi,0.00 DA,1000 DA
Central,Sétif,Aït Wertilan,250.00 DA,1100 DA
Central,Sétif,Babor,0.00 DA,900 DA
Central,Sétif,Bazer Sakhra,0.00 DA,800 DA
Central,Sétif,Beidha Bordj,0.00 DA,900 DA
Central,Sétif,Belaa,0.00 DA,900 DA
Central,Sétif,Beni Aziz,0.00 DA,1000 DA
Central,Sétif,Beni Chebana,250.00 DA,1100 DA
Central,Sétif,Beni Fouda,0.00 DA,900 DA
Central,Sétif,Beni Hocine,0.00 DA,900 DA
Central,Sétif,Beni Mouhli,250.00 DA,1100 DA
Central,Sétif,Bir El Arch,0.00 DA,800 DA
Central,Sétif,Bir Haddada,0.00 DA,900 DA
Central,Sétif,Bouandas,0.00 DA,1000 DA
Central,Sétif,Bougaa,0.00 DA,1000 DA
Central,Sétif,Bousselam,0.00 DA,1000 DA
Central,Sétif,Boutaleb,0.00 DA,1000 DA
Central,Sétif,Dehamcha,0.00 DA,900 DA
Central,Sétif,Djemila,0.00 DA,900 DA
Central,Sétif,Draa Kebila,0.00 DA,1000 DA
Central,Sétif,El Eulma,0.00 DA,800 DA
Central,Sétif,El Ouldja,0.00 DA,900 DA
Central,Sétif,El Ouricia,0.00 DA,800 DA
Central,Sétif,Guellal,0.00 DA,900 DA
Central,Sétif,Guelta Zerka,0.00 DA,800 DA
Central,Sétif,Guenzet,0.00 DA,1000 DA
Central,Sétif,Guidjel,0.00 DA,900 DA
Central,Sétif,Hamma,0.00 DA,1000 DA
Central,Sétif,Hammam Guergour,0.00 DA,1000 DA
Central,Sétif,Hammam Soukhna,0.00 DA,900 DA
Central,Sétif,Harbil,0.00 DA,1000 DA
Central,Sétif,Ksar El Abtal,0.00 DA,900 DA
Central,Sétif,Maaouia,0.00 DA,900 DA
Central,Sétif,Maoklane,0.00 DA,1000 DA
Central,Sétif,Mezloug,0.00 DA,800 DA
Central,Sétif,Oued El Barad,0.00 DA,1000 DA
Central,Sétif,Ouled Addouane,0.00 DA,900 DA
Central,Sétif,Ouled Sabor,0.00 DA,800 DA
Central,Sétif,Ouled Si Ahmed,0.00 DA,1000 DA
Central,Sétif,Ouled Tebben,0.00 DA,1000 DA
Central,Sétif,Rasfa,0.00 DA,1000 DA
Central,Sétif,Salah Bey,0.00 DA,1000 DA
Central,Sétif,Serdj El Ghoul,0.00 DA,1000 DA
Central,Sétif,Sétif,0.00 DA,800 DA
Central,Sétif,Tachouda,0.00 DA,800 DA
Central,Sétif,Talaifacene,0.00 DA,900 DA
Central,Sétif,Taya,0.00 DA,900 DA
Central,Sétif,Tella,0.00 DA,900 DA
Central,Sétif,Tizi N'Bechar,0.00 DA,900 DA
Central,Tamanrasset,Abalessa,0.00 DA,1600 DA
Central,Tamanrasset,Idles,0.00 DA,1600 DA
Central,Tamanrasset,In Amguel,0.00 DA,1600 DA
Central,Tamanrasset,Tamanrasset,0.00 DA,1600 DA
Central,Tamanrasset,Tazrouk,0.00 DA,1600 DA
Central,Tiaret,Aïn Bouchekif,0.00 DA,900 DA
Central,Tiaret,Aïn Deheb,0.00 DA,1000 DA
Central,Tiaret,Aïn Dzarit,0.00 DA,900 DA
Central,Tiaret,Aïn El Hadid,0.00 DA,1000 DA
Central,Tiaret,Aïn Kermes,0.00 DA,1000 DA
Central,Tiaret,Bougara,0.00 DA,1000 DA
Central,Tiaret,Chehaima,0.00 DA,1000 DA
Central,Tiaret,Dahmouni,0.00 DA,800 DA
Central,Tiaret,Djebilet Rosfa,250.00 DA,1100 DA
Central,Tiaret,Djillali Ben Amar,0.00 DA,1000 DA
Central,Tiaret,Faidja,0.00 DA,1000 DA
Central,Tiaret,Frenda,0.00 DA,1000 DA
Central,Tiaret,Guertoufa,0.00 DA,800 DA
Central,Tiaret,Hamadia,0.00 DA,1000 DA
Central,Tiaret,Ksar Chellala,250.00 DA,1100 DA
Central,Tiaret,Madna,0.00 DA,800 DA
Central,Tiaret,Mahdia,0.00 DA,1000 DA
Central,Tiaret,Mechraa Safa,0.00 DA,900 DA
Central,Tiaret,Medrissa,0.00 DA,1000 DA
Central,Tiaret,Medroussa,0.00 DA,900 DA
Central,Tiaret,Meghila,0.00 DA,1000 DA
Central,Tiaret,Mellakou,0.00 DA,900 DA
Central,Tiaret,Nadorah,0.00 DA,800 DA
Central,Tiaret,Naima,0.00 DA,1000 DA
Central,Tiaret,Oued Lilli,0.00 DA,900 DA
Central,Tiaret,Rahouia,0.00 DA,900 DA
Central,Tiaret,Rechaiga,0.00 DA,1000 DA
Central,Tiaret,Sebaine,0.00 DA,900 DA
Central,Tiaret,Sebt,0.00 DA,1000 DA
Central,Tiaret,Serghine,250.00 DA,1100 DA
Central,Tiaret,Si Abdelghani,0.00 DA,900 DA
Central,Tiaret,Sidi Abderrahmane,250.00 DA,1100 DA
Central,Tiaret,Sidi Ali Mellal,0.00 DA,900 DA
Central,Tiaret,Sidi Bakhti,0.00 DA,800 DA
Central,Tiaret,Sidi Hosni,0.00 DA,900 DA
Central,Tiaret,Sougueur,0.00 DA,900 DA
Central,Tiaret,Tagdemt,0.00 DA,800 DA
Central,Tiaret,Takhemaret,250.00 DA,1100 DA
Central,Tiaret,Tiaret,0.00 DA,800 DA
Central,Tiaret,Tidda,0.00 DA,900 DA
Central,Tiaret,Tousnina,0.00 DA,900 DA
Central,Tiaret,Zmalet El Emir Abdelkader,250.00 DA,1100 DA
Central,Timimoun,Aougrout,0.00 DA,1600 DA
Central,Timimoun,Charouine,0.00 DA,1400 DA
Central,Timimoun,Deldoul,250.00 DA,1700 DA
Central,Timimoun,Ksar Kaddour,0.00 DA,1400 DA
Central,Timimoun,Metarfa,250.00 DA,1700 DA
Central,Timimoun,Ouled Aïssa,0.00 DA,1600 DA
Central,Timimoun,Ouled Saïd,0.00 DA,1400 DA
Central,Timimoun,Talmine,0.00 DA,1600 DA
Central,Timimoun,Timimoun,0.00 DA,1400 DA
Central,Timimoun,Tinerkouk,0.00 DA,1600 DA
Central,Tindouf,Oum El Assel,0.00 DA,1600 DA
Central,Tindouf,Tindouf,0.00 DA,1600 DA
Central,Tipaza,Aghbal,0.00 DA,800 DA
Central,Tipaza,Ahmar El Aïn,0.00 DA,700 DA
Central,Tipaza,Attatba,0.00 DA,700 DA
Central,Tipaza,Aïn Tagourait,0.00 DA,600 DA
Central,Tipaza,Beni Milleuk,0.00 DA,800 DA
Central,Tipaza,Bou Ismaïl,0.00 DA,700 DA
Central,Tipaza,Bouharoun,0.00 DA,700 DA
Central,Tipaza,Bourkika,0.00 DA,700 DA
Central,Tipaza,Chaiba,0.00 DA,700 DA
Central,Tipaza,Cherchell,0.00 DA,700 DA
Central,Tipaza,Damous,0.00 DA,800 DA
Central,Tipaza,Douaouda,0.00 DA,800 DA
Central,Tipaza,Fouka,0.00 DA,700 DA
Central,Tipaza,Gouraya,0.00 DA,800 DA
Central,Tipaza,Hadjeret Ennous,0.00 DA,800 DA
Central,Tipaza,Hadjout,0.00 DA,600 DA
Central,Tipaza,Khemisti,0.00 DA,700 DA
Central,Tipaza,Koléa,0.00 DA,700 DA
Central,Tipaza,Larhat,0.00 DA,800 DA
Central,Tipaza,Menaceur,0.00 DA,700 DA
Central,Tipaza,Merad,0.00 DA,700 DA
Central,Tipaza,Messelmoun,0.00 DA,800 DA
Central,Tipaza,Nador,0.00 DA,600 DA
Central,Tipaza,Sidi Amar,0.00 DA,600 DA
Central,Tipaza,Sidi Ghiles,0.00 DA,700 DA
Central,Tipaza,Sidi Rached,0.00 DA,700 DA
Central,Tipaza,Sidi Semiane,0.00 DA,800 DA
Central,Tipaza,Tipaza,0.00 DA,600 DA
Central,Tissemsilt,Ammari,0.00 DA,900 DA
Central,Tissemsilt,Beni Chaib,0.00 DA,800 DA
Central,Tissemsilt,Beni Lahcene,0.00 DA,800 DA
Central,Tissemsilt,Bordj Bou Naama,0.00 DA,1000 DA
Central,Tissemsilt,Bordj El Emir Abdelkader,0.00 DA,1000 DA
Central,Tissemsilt,Boucaid,0.00 DA,1000 DA
Central,Tissemsilt,Khemisti,0.00 DA,900 DA
Central,Tissemsilt,Larbaa,0.00 DA,800 DA
Central,Tissemsilt,Lardjem,0.00 DA,900 DA
Central,Tissemsilt,Layoune,0.00 DA,900 DA
Central,Tissemsilt,Lazharia,0.00 DA,1000 DA
Central,Tissemsilt,Maacem,0.00 DA,900 DA
Central,Tissemsilt,Melaab,0.00 DA,1000 DA
Central,Tissemsilt,Ouled Bessem,0.00 DA,800 DA
Central,Tissemsilt,Sidi Abed,0.00 DA,800 DA
Central,Tissemsilt,Sidi Boutouchent,0.00 DA,800 DA
Central,Tissemsilt,Sidi Lantri,0.00 DA,1000 DA
Central,Tissemsilt,Sidi Slimane,0.00 DA,1100 DA
Central,Tissemsilt,Tamalaht,0.00 DA,1000 DA
Central,Tissemsilt,Theniet El Had,0.00 DA,1000 DA
Central,Tissemsilt,Tissemsilt,0.00 DA,800 DA
Central,Tissemsilt,Youssoufia,0.00 DA,800 DA
Central,Tizi Ouzou,Abi Youcef,0.00 DA,900 DA
Central,Tizi Ouzou,Aghribs,0.00 DA,800 DA
Central,Tizi Ouzou,Agouni Gueghrane,0.00 DA,1000 DA
Central,Tizi Ouzou,Ain El Hammam,0.00 DA,1000 DA
Central,Tizi Ouzou,Akbil,0.00 DA,1000 DA
Central,Tizi Ouzou,Akerrou,0.00 DA,900 DA
Central,Tizi Ouzou,Assi Youcef,0.00 DA,900 DA
Central,Tizi Ouzou,Ath Zikki,0.00 DA,900 DA
Central,Tizi Ouzou,Azazga,0.00 DA,800 DA
Central,Tizi Ouzou,Azeffoun,0.00 DA,900 DA
Central,Tizi Ouzou,Aïn Zaouia,0.00 DA,1000 DA
Central,Tizi Ouzou,Aït Aggouacha,0.00 DA,900 DA
Central,Tizi Ouzou,Aït Aïssa Mimoun,0.00 DA,800 DA
Central,Tizi Ouzou,Aït Bouadou,0.00 DA,1000 DA
Central,Tizi Ouzou,Aït Boumahdi,0.00 DA,900 DA
Central,Tizi Ouzou,Aït Chafâa,0.00 DA,900 DA
Central,Tizi Ouzou,Aït Khellili,0.00 DA,900 DA
Central,Tizi Ouzou,Aït Mahmoud,0.00 DA,900 DA
Central,Tizi Ouzou,Aït Oumalou,0.00 DA,900 DA
Central,Tizi Ouzou,Aït Toudert,0.00 DA,1000 DA
Central,Tizi Ouzou,Aït Yahia,0.00 DA,900 DA
Central,Tizi Ouzou,Aït Yahia Moussa,0.00 DA,900 DA
Central,Tizi Ouzou,Aït Yenni,0.00 DA,900 DA
Central,Tizi Ouzou,Beni Aïssi,0.00 DA,800 DA
Central,Tizi Ouzou,Beni Douala,0.00 DA,900 DA
Central,Tizi Ouzou,Beni Zmenzer,0.00 DA,800 DA
Central,Tizi Ouzou,Boghni,0.00 DA,900 DA
Central,Tizi Ouzou,Boudjima,0.00 DA,900 DA
Central,Tizi Ouzou,Bounouh,0.00 DA,1000 DA
Central,Tizi Ouzou,Bouzguen,0.00 DA,900 DA
Central,Tizi Ouzou,Draâ Ben Khedda,0.00 DA,800 DA
Central,Tizi Ouzou,Draâ El Mizan,0.00 DA,900 DA
Central,Tizi Ouzou,Freha,0.00 DA,800 DA
Central,Tizi Ouzou,Frikat,0.00 DA,1000 DA
Central,Tizi Ouzou,Iboudraren,0.00 DA,1000 DA
Central,Tizi Ouzou,Idjeur,0.00 DA,900 DA
Central,Tizi Ouzou,Iferhounène,0.00 DA,900 DA
Central,Tizi Ouzou,Ifigha,0.00 DA,800 DA
Central,Tizi Ouzou,Iflissen,0.00 DA,900 DA
Central,Tizi Ouzou,Illilten,0.00 DA,900 DA
Central,Tizi Ouzou,Illoula Oumalou,0.00 DA,900 DA
Central,Tizi Ouzou,Imsouhel,0.00 DA,900 DA
Central,Tizi Ouzou,Irdjen,0.00 DA,900 DA
Central,Tizi Ouzou,Larbaâ Nath Irathen,0.00 DA,900 DA
Central,Tizi Ouzou,M'Kira,0.00 DA,1000 DA
Central,Tizi Ouzou,Makouda,0.00 DA,900 DA
Central,Tizi Ouzou,Mechtras,0.00 DA,1000 DA
Central,Tizi Ouzou,Mekla,0.00 DA,900 DA
Central,Tizi Ouzou,Mizrana,0.00 DA,900 DA
Central,Tizi Ouzou,Mâatkas,0.00 DA,900 DA
Central,Tizi Ouzou,Ouacif,0.00 DA,900 DA
Central,Tizi Ouzou,Ouadhia,0.00 DA,900 DA
Central,Tizi Ouzou,Ouaguenoun,0.00 DA,900 DA
Central,Tizi Ouzou,Sidi Namane,0.00 DA,1000 DA
Central,Tizi Ouzou,Souamaâ,0.00 DA,900 DA
Central,Tizi Ouzou,Souk El Thenine,0.00 DA,900 DA
Central,Tizi Ouzou,Tadmaït,0.00 DA,900 DA
Central,Tizi Ouzou,Tigzirt,0.00 DA,900 DA
Central,Tizi Ouzou,Timizart,0.00 DA,900 DA
Central,Tizi Ouzou,Tirmitine,0.00 DA,800 DA
Central,Tizi Ouzou,Tizi Gheniff,0.00 DA,1000 DA
Central,Tizi Ouzou,Tizi N'Tleta,0.00 DA,800 DA
Central,Tizi Ouzou,Tizi Ouzou,0.00 DA,800 DA
Central,Tizi Ouzou,Tizi Rached,0.00 DA,900 DA
Central,Tizi Ouzou,Yakouren,0.00 DA,800 DA
Central,Tizi Ouzou,Yatafen,0.00 DA,900 DA
Central,Tizi Ouzou,Zekri,0.00 DA,800 DA
Central,Tlemcen,Amieur,0.00 DA,900 DA
Central,Tlemcen,Azails,0.00 DA,900 DA
Central,Tlemcen,Aïn Fetah,0.00 DA,900 DA
Central,Tlemcen,Aïn Fezza,0.00 DA,800 DA
Central,Tlemcen,Aïn Ghoraba,0.00 DA,900 DA
Central,Tlemcen,Aïn Kebira,0.00 DA,900 DA
Central,Tlemcen,Aïn Nehala,0.00 DA,1000 DA
Central,Tlemcen,Aïn Tallout,0.00 DA,1000 DA
Central,Tlemcen,Aïn Youcef,0.00 DA,800 DA
Central,Tlemcen,Bab El Assa,0.00 DA,900 DA
Central,Tlemcen,Beni Bahdel,0.00 DA,900 DA
Central,Tlemcen,Beni Boussaid,0.00 DA,800 DA
Central,Tlemcen,Beni Mester,0.00 DA,800 DA
Central,Tlemcen,Beni Ouarsous,0.00 DA,900 DA
Central,Tlemcen,Beni Semiel,0.00 DA,1000 DA
Central,Tlemcen,Beni Snous,0.00 DA,900 DA
Central,Tlemcen,Bensekrane,0.00 DA,900 DA
Central,Tlemcen,Bouhlou,0.00 DA,900 DA
Central,Tlemcen,Chetouane,0.00 DA,800 DA
Central,Tlemcen,Dar Yaghmouracene,0.00 DA,1000 DA
Central,Tlemcen,Djebala,0.00 DA,900 DA
Central,Tlemcen,El Aricha,0.00 DA,1000 DA
Central,Tlemcen,El Bouihi,0.00 DA,1000 DA
Central,Tlemcen,El Fehoul,0.00 DA,900 DA
Central,Tlemcen,El Gor,0.00 DA,1000 DA
Central,Tlemcen,Fellaoucene,0.00 DA,900 DA
Central,Tlemcen,Ghazaouet,0.00 DA,1000 DA
Central,Tlemcen,Hammam Boughrara,0.00 DA,800 DA
Central,Tlemcen,Hennaya,0.00 DA,800 DA
Central,Tlemcen,Honaïne,0.00 DA,1000 DA
Central,Tlemcen,Maghnia,0.00 DA,800 DA
Central,Tlemcen,Mansourah,0.00 DA,800 DA
Central,Tlemcen,Marsa Ben M'Hidi,0.00 DA,1000 DA
Central,Tlemcen,Msirda Fouaga,0.00 DA,1000 DA
Central,Tlemcen,Nedroma,0.00 DA,900 DA
Central,Tlemcen,Oued Lakhdar,0.00 DA,900 DA
Central,Tlemcen,Ouled Mimoun,0.00 DA,900 DA
Central,Tlemcen,Ouled Riyah,0.00 DA,900 DA
Central,Tlemcen,Remchi,0.00 DA,800 DA
Central,Tlemcen,Sabra,0.00 DA,900 DA
Central,Tlemcen,Sebaa Chioukh,0.00 DA,900 DA
Central,Tlemcen,Sebdou,0.00 DA,900 DA
Central,Tlemcen,Sidi Abdelli,0.00 DA,900 DA
Central,Tlemcen,Sidi Djillali,0.00 DA,1000 DA
Central,Tlemcen,Sidi Medjahed,0.00 DA,800 DA
Central,Tlemcen,Souahlia,0.00 DA,900 DA
Central,Tlemcen,Souani,0.00 DA,900 DA
Central,Tlemcen,Souk El Khemis,0.00 DA,1000 DA
Central,Tlemcen,Souk Tlata,0.00 DA,1000 DA
Central,Tlemcen,Terny Beni Hdiel,0.00 DA,800 DA
Central,Tlemcen,Tienet,0.00 DA,900 DA
Central,Tlemcen,Tlemcen,0.00 DA,800 DA
Central,Tlemcen,Zenata,0.00 DA,800 DA
Central,Touggourt,Benaceur,0.00 DA,1050 DA
Central,Touggourt,Blidet Amor,0.00 DA,1050 DA
Central,Touggourt,El Allia,0.00 DA,950 DA
Central,Touggourt,El Borma,0.00 DA,950 DA
Central,Touggourt,El Hadjira,0.00 DA,950 DA
Central,Touggourt,M'Naguer,0.00 DA,1050 DA
Central,Touggourt,Megarine,0.00 DA,950 DA
Central,Touggourt,Nezla,0.00 DA,950 DA
Central,Touggourt,Sidi Slimane,250.00 DA,1250 DA
Central,Touggourt,Taibet,0.00 DA,1050 DA
Central,Touggourt,Tamacine,0.00 DA,950 DA
Central,Touggourt,Tebesbest,0.00 DA,950 DA
Central,Touggourt,Touggourt,0.00 DA,950 DA
Central,Touggourt,Zaouia El Abidia,0.00 DA,950 DA
Central,Tébessa,Aïn Zerga,0.00 DA,1050 DA
Central,Tébessa,Bedjene,250.00 DA,1250 DA
Central,Tébessa,Bekkaria,0.00 DA,950 DA
Central,Tébessa,Bir Dheb,0.00 DA,1050 DA
Central,Tébessa,Bir El Ater,0.00 DA,950 DA
Central,Tébessa,Bir Mokkadem,0.00 DA,1050 DA
Central,Tébessa,Boukhadra,0.00 DA,1150 DA
Central,Tébessa,Boulhaf Dir,0.00 DA,950 DA
Central,Tébessa,Cheria,0.00 DA,1050 DA
Central,Tébessa,El Aouinet,0.00 DA,1150 DA
Central,Tébessa,El Houidjbet,0.00 DA,1050 DA
Central,Tébessa,El Kouif,0.00 DA,1050 DA
Central,Tébessa,El Ma Labiodh,0.00 DA,1050 DA
Central,Tébessa,El Meridj,0.00 DA,1150 DA
Central,Tébessa,El Mezeraa,250.00 DA,1250 DA
Central,Tébessa,El Ogla,250.00 DA,1250 DA
Central,Tébessa,Ferkane,250.00 DA,1250 DA
Central,Tébessa,Guorriguer,0.00 DA,1150 DA
Central,Tébessa,Hammamet,0.00 DA,1050 DA
Central,Tébessa,Morsott,0.00 DA,1050 DA
Central,Tébessa,Negrine,0.00 DA,1150 DA
Central,Tébessa,Ogla Melha,0.00 DA,1150 DA
Central,Tébessa,Ouenza,250.00 DA,1250 DA
Central,Tébessa,Oum Ali,0.00 DA,1150 DA
Central,Tébessa,Safsaf El Ouesra,0.00 DA,1050 DA
Central,Tébessa,Stah Guentis,250.00 DA,1250 DA
Central,Tébessa,Tlidjene,0.00 DA,1150 DA
Central,Tébessa,Tébessa,0.00 DA,950 DA